date,hrv_morning,mind_score,body_score,soreness_score,sleep_score,comment,fitbit_sleep_score,fitbit_energy_score,rise_sleep_dept,muse_paf,sickness_score
2025-12-24,,,,,,,,,,,
2026-01-03,,2.0,2.0,,,起床したら背中がいたい。接心の疲労が継続している,,52.0,,,
2026-01-04,,3.0,3.0,,,喉の痛みがややあるが、風邪は治ったかも,85.0,,,,
2026-01-05,,2.0,3.0,,,喉と鼻水は出る。体温は正常,81.0,51.0,,,
2026-01-06,,,,,,,,15.0,,,
2026-01-07,,3.0,2.0,,,喉と鼻水、倦怠感,83.0,,,,
2026-01-08,,3.0,2.0,,,鼻水と、喉。痰もでた。倦怠感。１週間たっても継続してる,87.0,15.0,,,
2026-01-09,,3.0,3.0,,,体調やや回復,68.0,15.0,,,
2026-01-10,,,,,,,,,,,
2026-01-13,,3.0,3.0,,,風邪は治ってきた,83.0,32.0,,,
2026-01-14,,4.0,3.0,,,とんかつ和幸を食べたら胃もたれ。ほぼ風邪は治ったが、まだかすかに鼻水の炎症は残る,86.0,42.0,,,
2026-01-15,56.0,4.0,4.0,,,,84.0,63.0,,,
2026-01-16,,4.0,4.0,,,,86.0,53.0,,,
2026-01-17,,4.0,3.0,,,やよい軒,77.0,,,,
2026-01-22,60.0,,,,,,,,,,
2026-01-26,,3.0,2.0,,,身体の重みを感じる。肉野菜炒めか、睡眠不足か,75.0,65.0,,,
2026-02-06,,,,,,,,,,,
2026-02-11,,3.0,2.0,,,坐禅疲れか、身体か重い。,83.0,66.0,,,
2026-02-13,,2.0,2.0,,,首と肩,89.0,57.0,,,
2026-02-14,62.0,3.0,2.0,,,首と肩,,66.0,,,
2026-02-16,69.0,3.0,3.0,,,,89.0,52.0,9.2,,
2026-02-17,63.0,2.0,3.0,,,,90.0,62.0,8.6,,
2026-02-19,63.0,3.0,3.0,,,ステーキ食べたらHRVバク上がり,80.0,100.0,9.1,,
2026-02-24,,3.0,2.0,,,"身体がとても重い。寝具だろうか？
6時間寝ても眠い。昨日の睡眠負債か",85.0,59.0,12.8,,
2026-02-25,,3.0,2.0,,,身体がまだ重い。肩と背中、首。昨日は枕を使わない実験をした。,84.0,70.0,11.3,,
2026-02-26,80.0,3.0,2.0,,,身体がまだ重いが、昨日よりはましだ。なんだろうか,88.0,70.0,10.5,,
2026-02-27,,3.0,2.0,,2.0,"4時に目が覚めてそのまま眠れなかった. fitbitでは寝たことになっている。
主観的にはとてもねむい。身体も重い。ただ首や背中の痛みはましになり、全身が重い感じ",83.0,99.0,10.4,,
2026-02-28,,3.0,2.0,,2.0,"昨日はクラブで0時就寝。身体疲労と眠気は残る。メンタルはふつう. 
全身の倦怠感は残るがこれがダンスの影響なのか継続なのかは不明。
肩や背中はましになった感覚がある",81.0,90.0,10.5,,
2026-03-03,,1.0,2.0,,2.0,身体の重みが取れない。ずっと炎症している。メンタルは未だ最悪。花粉の影響もある,,,,,
2026-03-06,,3.0,2.0,,2.0,,,,9.2,,
2026-03-31,,3.0,2.0,,2.0,記録を再開する。ひどい身体の炎症を感じる,,,14.5,,
2026-04-01,,3.0,3.0,,3.0,昨日よりは炎症は少ない,,,,,
2026-04-23,,2.0,2.0,,4.0,引っ越し後で発熱をしている,,,12.6,,
2026-04-27,,2.0,,,,引っ越してからずっと憂鬱だ。クリプトのやる気もでない,,,,,
2026-04-28,,2.0,2.0,,4.0,JPYC不安. 身体炎症もそこそこ、重い,83.0,70.0,5.1,,
2026-05-01,,3.0,3.0,,3.0,,80.0,68.0,3.5,,
2026-05-02,,3.0,3.0,,5.0,9時間寝た。ただ炎症は完全に解消されない。まだほかの原因がある。昨日は出前館をしたので、身体疲労はすこしある,87.0,56.0,1.4,,
2026-05-05,,2.0,4.0,,4.0,身体炎症はかなり取れている。頭は重い、炎症してる。睡眠負債は取り除いている。,80.0,56.0,4.0,,
2026-05-06,,3.0,3.0,,3.0,昨日よりは身体炎症を感じる、睡眠時間が不足. 若干の疲労感,76.0,,5.2,,
2026-05-07,,3.0,2.0,,2.0,"昨日より身体炎症が悪化。精神疲労はやや改善。
原因は睡眠不足か、それとも筋トレをやめたからか。
睡眠時間6時間はやはり少ない。7時間は必要",,,,,
2026-05-08,,3.0,2.0,,2.0,身体炎症がけっこうひどい、睡眠不足だろうか。それとも1日20kmの自転車だろうか,72.0,68.0,7.6,,
2026-05-09,,3.0,1.0,,3.0,身体が疲れてる、自転車通勤が地味につらい。,79.0,56.0,7.9,,
2026-05-10,,3.0,3.0,,3.0,身体疲労が取れた,86.0,67.0,7.3,,
2026-05-11,,3.0,4.0,,3.0,身体の重さはかなり改善している。,64.0,78.0,8.8,8.9,
2026-05-12,,3.0,3.0,,3.0,昨日よりは身体疲労はある。脳疲労はあるが昨日と変わらず。,86.0,67.0,8.4,8.6,
2026-05-13,,3.0,2.0,,2.0,自転車往復30キロの疲労がだんだん蓄積していく。とくに朝がつらい。,79.0,58.0,8.7,,
2026-05-14,,3.0,2.0,,2.0,身体疲労は変わらず。,63.0,69.0,9.6,,
2026-05-15,,3.0,2.0,,2.0,身体疲労はあるが、昨日と同じくらい。,75.0,59.0,10.2,8.5,
2026-05-16,,1.0,2.0,,2.0,"ラグプルによるメンタル悪化。
身体疲労はやや回復。たぶん自転車移動のスピードをゆっくりにしたから。",70.0,59.0,11.4,8.6,
2026-05-17,,2.0,1.0,,2.0,メンタルはやや回復、身体疲労はさらに悪化。ただ、HRV/RHR やFitbit eneryScoreには身体疲労が現れず、むしろ数値は向上してる,81.0,79.0,10.7,8.8,
2026-05-18,,3.0,2.0,,2.0,身体疲労はある。しかし昨日よりはやや回復。未だ疲労中,80.0,58.0,10.8,8.8,
2026-05-19,,2.0,1.0,,2.0,身体疲労は再び深刻。身体疲労の影響なのかメンタルも悪化。起床時の身体の重さのため起床後の感覚も悪い。,75.0,78.0,10.8,8.6,
2026-05-20,,2.0,1.0,,2.0,身体疲労がつらい。頭痛もするが、これは30度を超えた日が続くからか、それとも睡眠の質か。本日、珍しく朝食を食べてみたが頭の重さはそれな気がする。ブレインフォグの感覚。朝食は食べるべきでなかった。合わせて、メンタルも不安定。出口がない。,75.0,57.0,10.9,,
2026-05-21,,2.0,1.0,,1.0,身体疲労は最悪。おそらく睡眠不足と連動。合わせてメンタルも悪化。しかし昨晩は先頭に行った。そのあと１０時半から１時間半くらいスマホをいじってしまった。５時に起きて、追加で２時間寝ようとしたが６時まで眠れなかったらかふとんをでた。おそらく毎日５時で起きていると朝は眠れない。,56.0,67.0,12.6,,
2026-05-22,,1.0,1.0,,3.0,昨日は自転車に乗らなかったがそこまで回復せず。足の疲労というよりは上半身も含む全体の重さがある。メンタルも最悪。SNSを昨日みすぎたことによる嫉妬の影響。パスタを２日食べている、グルテンかもしれない。またはチーズ食べすぎてカゼインかも。,89.0,43.0,9.5,,
2026-05-25,,2.0,1.0,,2.0,昨日とんこつラーメンを夜食べて、翌朝体調不良。７時起床だが４０分くらいだらだら。いつもより3時間寝坊。寝坊の影響でメンタルも悪化。前日、はじめての温水プール。,85.0,15.0,7.0,,
2026-05-26,,3.0,2.0,,2.0,夜のスマホで23時以降に寝てしまった。身体の重さはやや回復。やはり昨日はとんこつラーメンだったのか？,69.0,15.0,8.6,,
2026-05-29,,2.0,3.0,,2.0,やや睡眠不足。それよりもやや意欲がない。ひどいメンタルの落ち込むイベントはないが、なんとなくなにもしたくない。虚しい。,,,,,
2026-06-02,,2.0,3.0,,2.0,寝る前のスマホで夜ふかししてしまう。,,,,,
2026-06-04,,2.0,3.0,,3.0,自転車の移動時間は減らしたので身体疲労はない。体重は増えてきた。メンタルがやや不安定なのは漠然とした虚しさ。これが計量化が難しい,,,8.4,,
2026-06-09,,1.0,3.0,,2.0,連日の収益悪化で生活費が稼げずメンタルは最悪。朝起きると５万円を損していた,,,7.7,,
2026-06-10,,2.0,3.0,,2.0,ひたすらお金が稼げないこと、そのせいで仕事以外のことが全くできないこと。時間とお金が制限されること。これらがメンタルを蝕む。,,,,8.62,
2026-06-12,,2.0,3.0,,2.0,やや疲労,,,,,
2026-06-13,,2.0,2.0,,2.0,やや身体炎症を感じる。メンタルは結局損益に影響を受ける,,,,,
2026-06-15,,1.0,2.0,,2.0,朝から１万円損失。昨晩はYoutubeで2時間夜ふかし、今朝は２時間寝坊と遅刻。頭と身体はともに重い、脳内身体炎症,,,,,
2026-06-20,,1.0,2.0,,2.0,赤字が続いて苦しい,,,,,
2026-07-16,,3.0,2.0,,3.0,昨日はカフェインを摂取しなかった,,,,,
2026-07-19,,3.0,3.0,,3.0,,,,,,
2026-07-22,,3.0,3.0,,3.0,収益はいったん安定しているのでメンタルは安定,,,,,
2026-07-23,,2.0,3.0,,3.0,毎日同じ生活,,,,,
2026-07-31,,2.0,3.0,,3.0,閉塞感,,,,,
2026-08-01,,2.0,2.0,,3.0,,,,,,
2026-08-04,,2.0,2.0,,3.0,身体炎症が取れない,,,,,
2026-08-05,,2.0,2.0,,3.0,メンタルと精神の両方がつらい,,,,,
2026-08-07,,2.0,2.0,,3.0,,,,,,
2026-08-09,,2.0,1.0,,3.0,身体がずっと重い,,,,,
2026-08-10,,2.0,3.0,,3.0,,,,,,
2026-08-16,,2.0,2.0,,2.0,,,,,,
2026-08-18,,2.0,2.0,,3.0,,,,,,
2026-08-19,,2.0,2.0,,2.0,,,,,,
