date,sunrise,sunset
2026-01-16,06:50,16:51
2026-01-17,06:50,16:52
2026-01-18,06:49,16:53
2026-01-19,06:49,16:54
2026-01-20,06:49,16:55
2026-01-21,06:48,16:56
2026-01-22,06:48,16:57
2026-01-23,06:47,16:58
2026-01-24,06:47,16:59
2026-01-25,06:46,17:00
2026-01-26,06:46,17:01
2026-01-27,06:45,17:02
2026-01-28,06:44,17:04
2026-01-29,06:44,17:05
2026-01-30,06:43,17:06
2026-01-31,06:42,17:07
2026-02-01,06:42,17:08
2026-02-02,06:41,17:09
2026-02-03,06:40,17:10
2026-02-04,06:39,17:11
2026-02-05,06:38,17:12
2026-02-06,06:37,17:13
2026-02-07,06:37,17:14
2026-02-08,06:36,17:15
2026-02-09,06:35,17:16
2026-02-10,06:34,17:17
2026-02-11,06:33,17:18
2026-02-12,06:32,17:19
2026-02-13,06:31,17:20
2026-02-14,06:30,17:21
2026-02-15,06:29,17:22
2026-02-16,06:27,17:23
2026-02-17,06:26,17:24
2026-02-18,06:25,17:25
2026-02-19,06:24,17:26
2026-02-20,06:23,17:27
2026-02-21,06:22,17:28
2026-02-22,06:20,17:29
2026-02-23,06:19,17:30
2026-02-24,06:18,17:31
2026-02-25,06:17,17:32
2026-02-26,06:16,17:33
2026-02-27,06:14,17:34
2026-02-28,06:13,17:34
2026-03-01,06:12,17:35
2026-03-02,06:10,17:36
2026-03-03,06:09,17:37
2026-03-04,06:08,17:38
2026-03-05,06:06,17:39
2026-03-06,06:05,17:40
2026-03-07,06:04,17:41
2026-03-08,06:02,17:42
2026-03-09,06:01,17:43
2026-03-10,06:00,17:43
2026-03-11,05:58,17:44
2026-03-12,05:57,17:45
2026-03-13,05:55,17:46
2026-03-14,05:54,17:47
2026-03-15,05:53,17:48
2026-03-16,05:51,17:49
2026-03-17,05:50,17:49
2026-03-18,05:48,17:50
2026-03-19,05:47,17:51
2026-03-20,05:45,17:52
2026-03-21,05:44,17:53
2026-03-22,05:43,17:54
2026-03-23,05:41,17:54
2026-03-24,05:40,17:55
2026-03-25,05:38,17:56
2026-03-26,05:37,17:57
2026-03-27,05:35,17:58
2026-03-28,05:34,17:59
2026-03-29,05:33,17:59
2026-03-30,05:31,18:00
2026-03-31,05:30,18:01
2026-04-01,05:28,18:02
2026-04-02,05:27,18:03
2026-04-03,05:26,18:04
2026-04-04,05:24,18:04
2026-04-05,05:23,18:05
2026-04-06,05:21,18:06
2026-04-07,05:20,18:07
2026-04-08,05:19,18:08
2026-04-09,05:17,18:09
2026-04-10,05:16,18:09
2026-04-11,05:14,18:10
2026-04-12,05:13,18:11
2026-04-13,05:12,18:12
2026-04-14,05:10,18:13
2026-04-15,05:09,18:14
2026-04-16,05:08,18:14
2026-04-17,05:06,18:15
2026-04-18,05:05,18:16
2026-04-19,05:04,18:17
2026-04-20,05:03,18:18
2026-04-21,05:01,18:19
2026-04-22,05:00,18:19
2026-04-23,04:59,18:20
2026-04-24,04:58,18:21
2026-04-25,04:57,18:22
2026-04-26,04:55,18:23
2026-04-27,04:54,18:24
2026-04-28,04:53,18:24
2026-04-29,04:52,18:25
2026-04-30,04:51,18:26
2026-05-01,04:50,18:27
2026-05-02,04:49,18:28
2026-05-03,04:48,18:29
2026-05-04,04:47,18:29
2026-05-05,04:46,18:30
2026-05-06,04:45,18:31
2026-05-07,04:44,18:32
2026-05-08,04:43,18:33
2026-05-09,04:42,18:34
2026-05-10,04:41,18:34
2026-05-11,04:40,18:35
2026-05-12,04:39,18:36
2026-05-13,04:38,18:37
2026-05-14,04:37,18:38
2026-05-15,04:37,18:38
2026-05-16,04:36,18:39
2026-05-17,04:35,18:40
2026-05-18,04:34,18:41
2026-05-19,04:34,18:42
2026-05-20,04:33,18:42
2026-05-21,04:32,18:43
2026-05-22,04:32,18:44
2026-05-23,04:31,18:45
2026-05-24,04:30,18:45
2026-05-25,04:30,18:46
2026-05-26,04:29,18:47
2026-05-27,04:29,18:48
2026-05-28,04:28,18:48
2026-05-29,04:28,18:49
2026-05-30,04:28,18:50
2026-05-31,04:27,18:50
2026-06-01,04:27,18:51
2026-06-02,04:26,18:52
2026-06-03,04:26,18:52
2026-06-04,04:26,18:53
2026-06-05,04:26,18:53
2026-06-06,04:25,18:54
2026-06-07,04:25,18:54
2026-06-08,04:25,18:55
2026-06-09,04:25,18:55
2026-06-10,04:25,18:56
2026-06-11,04:25,18:56
2026-06-12,04:25,18:57
2026-06-13,04:25,18:57
2026-06-14,04:25,18:58
2026-06-15,04:25,18:58
2026-06-21,04:26,19:00
2026-06-22,04:26,19:00
2026-06-23,04:26,19:00
2026-06-24,04:26,19:00
2026-06-25,04:27,19:00
2026-06-26,04:27,19:00
2026-06-27,04:27,19:01
2026-06-28,04:28,19:01
2026-06-29,04:28,19:01
2026-06-30,04:28,19:01
2026-07-01,04:29,19:01
2026-07-02,04:29,19:00
2026-07-03,04:30,19:00
2026-07-04,04:30,19:00
2026-07-05,04:31,19:00
2026-07-06,04:31,19:00
2026-07-07,04:32,19:00
2026-07-08,04:32,18:59
2026-07-09,04:33,18:59
2026-07-10,04:33,18:59
2026-07-11,04:34,18:59
2026-07-12,04:35,18:58
2026-07-13,04:35,18:58
2026-07-14,04:36,18:57
2026-07-15,04:36,18:57
2026-07-16,04:37,18:56
2026-07-17,04:38,18:56
2026-07-18,04:38,18:55
2026-07-19,04:39,18:55
2026-07-20,04:40,18:54
2026-07-21,04:41,18:54
2026-07-22,04:41,18:53
2026-07-23,04:42,18:52
2026-07-24,04:43,18:52
2026-07-25,04:43,18:51
2026-07-26,04:44,18:50
2026-07-27,04:45,18:49
2026-07-28,04:46,18:49
2026-07-29,04:46,18:48
2026-07-30,04:47,18:47
2026-07-31,04:48,18:46
2026-08-01,04:49,18:45
2026-08-02,04:50,18:44
2026-08-03,04:50,18:43
2026-08-04,04:51,18:43
2026-08-05,04:52,18:42
2026-08-06,04:53,18:41
2026-08-07,04:53,18:40
