date,temp_mean,temp_max,temp_min,humidity_mean,pressure_mean,pressure_min,precipitation_sum,temp_night_mean,temp_night_max,temp_night_min,humidity_night_mean,pressure_delta
2025-01-05,3.5,8.6,-1.5,62.04,1022.91,1021.4,0.0,1.62,3.9,-0.6,64.75,3.81
2025-01-06,3.66,8.4,0.3,78.25,1014.95,1002.0,26.6,2.51,3.7,0.9,71.88,-7.96
2025-01-07,7.58,11.2,4.3,73.25,1000.82,998.7,0.0,5.29,6.0,4.3,87.88,-14.12
2025-01-08,5.28,9.5,1.7,55.08,1008.3,1004.4,0.0,4.03,6.2,2.8,56.25,7.48
2025-01-09,4.84,10.7,-0.4,55.83,1007.41,1003.2,0.0,2.66,3.7,0.4,57.88,-0.89
2025-01-10,3.06,7.7,-1.7,42.83,1013.72,1008.0,0.0,1.38,4.0,-1.0,41.88,6.31
2025-01-11,3.68,9.4,-0.8,53.79,1020.9,1019.1,0.0,0.6,1.5,-0.4,57.12,7.17
2025-01-12,3.09,6.0,-0.1,78.33,1019.24,1015.0,0.0,1.08,2.1,0.1,77.75,-1.66
2025-01-13,5.47,11.1,1.0,61.71,1016.42,1013.1,0.0,3.6,5.1,1.9,82.88,-2.82
2025-01-14,4.64,10.6,-1.2,72.96,1018.57,1015.8,0.0,1.78,3.9,-0.3,73.38,2.15
2025-01-15,5.21,12.1,-0.3,65.92,1012.16,1007.1,0.1,2.02,4.4,0.4,86.5,-6.41
2025-01-16,3.46,6.3,1.0,55.25,1017.38,1015.1,0.0,2.89,4.9,1.4,52.0,5.22
2025-01-17,3.22,6.7,0.4,53.08,1017.45,1013.4,0.0,1.06,1.8,0.4,72.5,0.07
2025-01-18,4.05,8.0,1.0,51.92,1023.74,1022.1,0.0,1.6,2.4,1.1,52.88,6.29
2025-01-19,3.89,8.1,-0.1,64.38,1020.81,1016.3,0.4,2.06,4.2,-0.1,66.5,-2.93
2025-01-20,8.34,13.2,4.6,71.75,1012.41,1009.9,0.2,5.89,6.7,5.1,66.5,-8.4
2025-01-21,8.65,11.9,5.6,75.54,1015.2,1012.7,0.2,7.51,8.0,7.1,91.5,2.8
2025-01-22,6.99,12.3,2.5,58.04,1020.03,1017.9,0.0,4.45,6.2,3.0,79.5,4.82
2025-01-23,6.54,12.0,1.5,70.08,1021.75,1019.5,0.0,3.76,6.4,2.1,74.88,1.72
2025-01-24,7.93,13.2,3.8,65.54,1021.44,1019.7,2.7,5.55,7.0,4.3,73.5,-0.31
2025-01-25,5.63,6.4,4.5,72.38,1020.85,1019.6,1.2,6.35,7.6,5.5,80.0,-0.59
2025-01-26,5.95,10.6,2.4,48.33,1017.8,1015.4,0.0,3.55,5.0,2.6,59.25,-3.04
2025-01-27,5.23,8.8,0.4,61.17,1014.68,1011.3,0.0,3.1,5.3,1.0,65.25,-3.13
2025-01-28,6.97,11.8,2.1,56.38,1007.87,1004.4,0.0,4.1,6.5,2.6,63.5,-6.8
2025-01-29,6.96,12.4,2.0,44.83,1009.3,1007.0,0.0,5.58,8.2,2.5,69.38,1.43
2025-01-30,5.75,11.3,0.1,39.75,1013.3,1011.0,0.0,3.01,5.5,0.6,55.25,4.0
2025-01-31,6.38,12.7,1.9,37.83,1019.62,1017.2,0.0,4.14,6.4,2.6,44.25,6.32
2025-02-01,6.77,11.5,1.3,45.38,1021.3,1019.0,0.1,4.18,6.3,2.3,49.75,1.68
2025-02-02,3.82,7.3,2.0,88.46,1016.95,1014.6,9.4,5.99,8.5,3.6,72.5,-4.35
2025-02-03,5.66,8.9,3.1,79.0,1008.0,1001.5,0.0,4.0,4.2,3.8,88.25,-8.95
2025-02-04,4.79,9.1,1.6,58.75,999.53,997.4,0.1,2.72,3.6,1.9,90.25,-8.47
2025-02-05,3.1,7.9,-0.8,43.25,1001.7,999.4,0.3,1.16,2.8,-0.6,57.62,2.17
2025-02-06,3.42,8.4,-0.7,38.92,1008.12,1005.2,0.0,0.15,1.6,-0.7,43.5,6.41
2025-02-07,3.28,7.5,-1.5,36.79,1006.48,1000.4,0.0,0.57,3.2,-1.4,46.62,-1.64
2025-02-08,3.48,7.8,-0.5,35.92,1006.48,1000.1,0.0,1.85,4.5,-0.1,42.0,0.0
2025-02-09,4.33,10.1,0.7,36.33,1014.61,1013.0,0.0,1.23,2.6,0.8,44.38,8.13
2025-02-10,4.87,10.0,-0.4,41.83,1016.38,1014.8,0.0,1.44,3.3,-0.3,55.12,1.76
2025-02-11,4.62,9.2,0.6,43.5,1020.28,1016.2,0.0,3.22,5.4,0.9,52.12,3.91
2025-02-12,5.87,12.0,-0.3,55.5,1017.35,1004.1,0.1,1.94,3.6,0.4,51.75,-2.94
2025-02-13,6.6,11.2,3.1,49.5,1004.49,995.6,0.7,6.99,10.5,3.3,81.75,-12.86
2025-02-14,7.31,13.6,1.7,37.29,1014.65,1012.5,0.0,2.66,3.5,1.8,44.88,10.16
2025-02-15,9.09,13.4,4.1,47.04,1018.06,1015.5,0.0,6.11,7.6,5.1,47.0,3.41
2025-02-16,11.53,16.6,6.9,52.46,1010.95,1007.2,0.0,9.31,10.8,6.9,68.88,-7.11
2025-02-17,9.31,14.8,4.5,49.12,1004.88,1000.9,0.5,8.5,10.3,7.7,71.88,-6.07
2025-02-18,4.59,9.0,0.8,28.67,1010.57,1008.2,0.0,2.91,5.5,1.0,36.38,5.68
2025-02-19,3.38,7.5,0.3,31.58,1013.3,1010.7,0.0,2.16,4.4,0.6,42.0,2.73
2025-02-20,4.55,9.8,0.6,25.46,1018.53,1016.7,0.0,1.75,2.3,1.3,30.62,5.23
2025-02-21,4.91,9.6,0.2,29.92,1020.59,1018.7,0.0,2.14,3.9,0.5,40.75,2.06
2025-02-22,4.29,8.0,1.6,32.62,1019.72,1016.8,0.0,3.64,5.4,2.2,34.62,-0.87
2025-02-23,4.77,9.4,0.4,28.58,1020.68,1018.5,0.0,1.36,2.5,0.7,40.62,0.95
2025-02-24,4.51,8.6,0.5,35.04,1018.14,1016.0,0.1,2.88,6.1,1.1,39.25,-2.54
2025-02-25,7.44,12.0,2.2,37.25,1023.13,1018.9,0.0,3.38,4.3,2.5,39.12,4.99
2025-02-26,10.12,17.1,3.6,36.42,1015.28,1011.8,0.0,6.98,8.7,4.6,50.88,-7.85
2025-02-27,10.03,15.1,4.7,38.58,1019.64,1016.9,0.0,6.72,9.2,4.9,45.62,4.37
2025-02-28,10.82,16.0,4.2,51.71,1019.59,1016.7,0.0,8.35,10.6,5.2,67.5,-0.05
2025-03-01,13.23,19.7,6.9,53.17,1019.35,1016.1,0.0,9.76,13.0,7.5,58.75,-0.23
2025-03-02,14.96,20.6,9.0,52.54,1014.32,1011.8,0.0,11.41,13.6,9.3,71.62,-5.03
2025-03-03,6.19,14.5,1.5,89.21,1016.88,1011.4,29.5,13.44,15.6,10.7,73.62,2.55
2025-03-04,2.19,5.7,0.1,74.04,1026.48,1024.7,6.7,1.36,2.5,0.5,74.38,9.6
2025-03-05,4.93,8.2,0.7,90.42,1015.91,1009.9,17.0,0.92,1.7,0.5,94.38,-10.57
2025-03-06,8.29,10.4,5.7,58.75,1011.28,1008.3,1.2,8.28,9.2,7.6,79.38,-4.63
2025-03-07,5.48,9.1,2.5,46.62,1020.11,1015.5,0.1,5.11,6.4,4.4,52.38,8.82
2025-03-08,2.72,5.5,1.0,71.83,1027.82,1026.2,5.7,1.76,2.8,1.2,59.25,7.72
2025-03-09,5.79,11.2,1.5,68.5,1026.0,1024.3,0.0,1.59,2.1,1.0,96.12,-1.83
2025-03-10,7.45,13.0,1.5,60.38,1029.5,1028.1,0.0,3.76,5.3,2.0,63.12,3.5
2025-03-11,8.88,12.0,4.5,81.54,1024.98,1021.6,1.7,7.39,8.3,5.5,79.38,-4.51
2025-03-12,10.76,14.6,6.6,91.33,1018.12,1013.5,15.8,8.45,10.1,6.7,94.62,-6.86
2025-03-13,13.92,19.1,8.5,70.54,1013.14,1010.4,0.0,11.58,12.9,9.0,96.5,-4.98
2025-03-14,11.06,16.8,6.6,49.88,1021.23,1018.3,0.0,9.07,12.1,6.8,55.38,8.09
2025-03-15,7.59,11.5,4.4,64.54,1025.27,1023.9,1.3,6.78,8.5,5.1,56.75,4.05
2025-03-16,5.77,7.7,4.5,91.0,1008.43,995.9,19.4,5.29,5.6,4.8,90.25,-16.84
2025-03-17,8.9,14.8,5.1,66.04,999.85,992.1,0.6,6.65,7.6,5.7,94.75,-8.59
2025-03-18,7.03,10.9,2.9,59.83,1013.02,1011.0,0.8,4.75,5.9,3.5,58.25,13.18
2025-03-19,4.75,8.6,1.5,80.58,1009.2,1002.7,29.2,5.35,7.4,1.5,92.25,-3.82
2025-03-20,7.09,12.1,2.0,60.5,1017.77,1015.0,0.0,3.91,5.2,2.6,61.25,8.56
2025-03-21,9.37,15.4,3.1,72.71,1012.2,1008.5,0.0,4.86,7.1,3.3,92.88,-5.56
2025-03-22,13.56,20.6,4.7,61.21,1006.07,1002.7,0.0,8.0,10.3,4.9,75.25,-6.13
2025-03-23,16.2,23.4,9.7,55.21,1006.7,1003.9,0.0,13.01,15.2,10.2,57.62,0.63
2025-03-24,13.78,18.6,9.0,79.38,1010.35,1004.6,0.2,11.09,13.1,9.4,88.25,3.64
2025-03-25,16.4,22.5,10.3,70.33,1003.32,1001.7,0.1,11.54,13.6,10.3,91.75,-7.03
2025-03-26,18.58,24.1,14.9,54.88,1003.33,999.0,0.0,16.74,17.5,16.2,73.5,0.02
2025-03-27,16.87,21.6,11.0,71.92,1008.72,1003.9,0.0,13.5,16.3,11.0,72.12,5.39
2025-03-28,19.27,24.8,14.5,78.71,999.42,995.3,11.2,18.7,19.6,18.1,82.62,-9.3
2025-03-29,7.74,13.0,4.6,77.83,1015.43,1007.6,11.9,12.02,15.5,9.0,68.88,16.01
2025-03-30,8.14,12.9,4.1,66.58,1019.58,1016.9,0.7,4.36,5.0,4.1,87.62,4.15
2025-03-31,6.02,7.6,4.4,65.62,1026.99,1023.3,2.2,6.26,7.9,4.9,61.38,7.41
2025-04-01,4.86,6.2,3.2,92.17,1026.25,1021.8,29.0,5.14,6.0,4.1,86.38,-0.75
2025-04-02,9.7,12.7,6.3,85.71,1015.77,1012.9,28.2,6.65,7.5,6.0,95.38,-10.48
2025-04-03,8.47,9.8,6.5,86.83,1013.78,1012.4,8.4,8.8,10.0,7.7,82.12,-1.99
2025-04-04,9.52,15.5,4.3,65.96,1015.0,1013.5,0.0,5.2,6.9,4.3,96.25,1.22
2025-04-05,10.57,15.2,4.8,64.83,1019.72,1018.1,0.0,7.02,8.6,5.1,63.88,4.72
2025-04-06,14.29,18.1,11.4,73.92,1015.31,1012.6,1.5,12.15,12.9,11.8,79.5,-4.41
2025-04-07,13.22,17.1,10.7,70.17,1013.33,1012.0,2.6,11.88,13.2,11.0,89.12,-1.98
2025-04-08,13.47,18.6,7.1,62.75,1011.81,1006.5,0.1,9.05,11.4,7.1,70.88,-1.52
2025-04-09,14.81,20.5,9.0,58.33,1010.37,1006.6,0.0,11.64,14.4,9.0,78.62,-1.45
2025-04-10,16.03,20.8,12.2,70.62,1011.35,1008.4,1.2,12.8,13.9,12.2,78.12,0.98
2025-04-11,15.75,19.8,12.8,82.71,1007.75,1005.7,8.9,14.14,15.7,12.8,94.38,-3.6
2025-04-12,14.8,19.3,10.8,67.21,1013.48,1009.5,0.0,13.14,14.9,11.1,82.88,5.73
2025-04-13,13.09,15.0,11.1,84.17,1011.06,1005.9,7.2,11.72,12.5,11.1,82.12,-2.42
2025-04-14,16.04,20.8,12.7,71.12,999.34,996.9,20.4,13.66,14.4,13.3,94.25,-11.73
2025-04-15,15.38,19.9,12.0,57.25,994.05,988.8,1.0,13.32,14.0,12.7,74.38,-5.28
2025-04-16,14.27,20.4,8.1,44.25,1004.87,998.9,0.0,10.16,12.8,8.1,52.0,10.82
2025-04-17,16.3,22.7,9.9,54.79,1012.8,1009.9,0.0,11.34,13.7,9.9,60.62,7.93
2025-04-18,18.96,24.0,13.6,68.38,1013.04,1010.9,0.0,15.89,17.9,13.6,79.12,0.24
2025-04-19,20.7,27.6,15.3,71.0,1013.02,1011.7,0.0,16.92,18.9,15.3,87.25,-0.02
2025-04-20,20.62,23.9,17.6,70.33,1010.73,1008.5,0.0,18.32,18.8,17.6,83.75,-2.3
2025-04-21,18.75,24.6,14.8,55.33,1015.08,1011.2,0.0,18.01,19.9,16.4,75.25,4.35
2025-04-22,18.54,23.5,13.5,63.04,1015.48,1011.8,0.0,14.29,15.0,13.5,74.75,0.4
2025-04-23,18.24,20.6,16.3,87.67,1004.61,999.7,17.8,17.79,18.8,16.4,77.88,-10.86
2025-04-24,19.27,24.1,16.4,82.71,1003.34,1000.6,0.0,17.73,17.8,17.5,93.75,-1.28
2025-04-25,17.65,20.9,15.4,83.38,1006.38,1004.7,3.5,16.21,16.7,16.0,91.75,3.04
2025-04-26,14.56,16.8,12.0,67.58,1013.75,1010.5,1.7,15.02,17.1,13.8,67.5,7.38
2025-04-27,16.46,21.5,9.3,65.58,1014.46,1010.3,0.0,10.72,12.2,9.3,90.38,0.71
2025-04-28,17.75,22.7,14.0,69.96,1008.1,1004.4,11.7,16.59,18.1,15.3,69.62,-6.36
2025-04-29,16.44,21.9,12.2,59.67,1002.55,999.0,3.1,13.14,14.3,12.2,95.88,-5.55
2025-04-30,15.93,21.7,9.7,53.83,1015.73,1009.6,0.0,11.56,14.0,9.7,54.25,13.18
2025-05-01,17.46,23.1,11.1,69.25,1021.22,1019.6,0.0,13.51,15.7,11.1,88.0,5.48
2025-05-02,16.03,18.9,14.5,83.62,1009.79,1001.2,80.8,16.16,17.6,15.3,77.38,-11.43
2025-05-03,17.53,22.6,13.5,64.67,1005.63,1002.7,0.0,14.68,16.0,13.5,68.38,-4.16
2025-05-04,16.8,22.2,12.7,83.38,1004.78,1001.8,1.6,13.86,15.6,12.7,96.75,-0.85
2025-05-05,16.88,21.6,10.9,65.88,1012.65,1009.8,0.0,13.75,16.2,10.9,88.0,7.88
2025-05-06,14.78,16.6,13.5,84.58,1007.74,1000.5,17.1,16.38,16.6,15.9,67.38,-4.92
2025-05-07,17.1,21.1,12.6,65.21,1005.77,999.0,2.3,13.78,14.2,12.6,87.12,-1.97
2025-05-08,16.56,21.2,13.7,63.83,1021.12,1016.0,0.0,14.66,16.4,13.7,72.0,15.35
2025-05-09,17.8,21.7,14.2,74.38,1022.5,1017.6,2.6,14.96,16.1,14.2,79.5,1.37
2025-05-10,19.33,22.3,16.5,88.79,1003.22,995.7,8.2,16.86,17.5,16.5,91.75,-19.28
2025-05-11,20.4,24.6,16.1,72.88,1001.64,996.7,1.9,18.04,21.1,16.1,93.88,-1.58
2025-05-12,16.73,19.8,14.6,85.17,1008.13,1005.6,9.4,16.38,19.3,14.7,88.38,6.49
2025-05-13,18.72,23.1,14.4,73.25,1016.95,1012.8,0.0,15.21,16.2,14.4,91.12,8.83
2025-05-14,19.72,24.1,15.6,75.42,1020.63,1019.4,0.0,16.52,17.6,15.6,89.5,3.68
2025-05-15,20.37,25.2,15.8,75.25,1020.76,1019.3,0.0,17.02,18.5,15.8,95.62,0.12
2025-05-16,21.51,26.0,17.5,67.33,1019.96,1018.4,0.0,18.59,19.8,17.5,84.25,-0.8
2025-05-17,21.13,23.5,18.9,87.5,1010.99,1005.1,23.8,20.09,20.8,19.1,75.62,-8.97
2025-05-18,24.02,27.1,22.0,81.83,1005.03,1003.6,0.4,22.81,23.5,22.0,88.0,-5.96
2025-05-19,18.85,22.0,16.6,86.04,1010.22,1006.1,3.3,21.24,22.4,19.1,90.88,5.19
2025-05-20,22.59,28.7,15.4,75.79,1009.62,1008.0,0.0,16.4,16.9,15.4,93.38,-0.6
2025-05-21,23.62,28.5,19.2,80.58,1009.51,1005.5,0.0,21.1,23.2,19.2,89.5,-0.11
2025-05-22,22.91,26.9,17.6,80.42,1002.21,1000.1,3.9,22.16,23.2,20.9,90.0,-7.3
2025-05-23,18.97,22.9,16.3,63.88,1012.35,1006.6,0.0,17.15,18.3,16.3,83.75,10.14
2025-05-24,17.86,21.3,14.9,70.46,1014.8,1011.4,3.0,15.98,17.7,14.9,78.75,2.45
2025-05-25,19.03,25.5,14.3,82.17,1004.27,1000.9,23.4,15.6,16.2,14.6,94.0,-10.53
2025-05-26,18.14,20.2,16.4,64.12,1016.5,1009.9,0.0,17.31,18.4,16.4,62.62,12.24
2025-05-27,17.28,19.8,14.7,77.04,1022.25,1021.3,0.5,15.76,17.0,14.7,82.12,5.75
2025-05-28,18.68,23.2,14.9,73.29,1019.22,1017.2,5.7,15.8,16.9,14.9,92.0,-3.03
2025-05-29,18.78,22.6,15.2,71.88,1017.62,1016.2,3.4,16.19,17.7,15.2,85.0,-1.6
2025-05-30,15.85,17.6,14.3,83.5,1011.47,1007.0,31.3,15.96,18.0,14.8,91.0,-6.15
2025-05-31,15.95,17.3,14.6,78.04,1000.69,996.0,31.9,15.74,16.3,15.2,74.0,-10.78
2025-06-01,18.18,22.6,14.7,77.54,1003.12,1000.0,1.8,15.68,16.2,14.7,82.5,2.44
2025-06-02,19.63,23.6,14.9,81.71,1007.24,1005.4,0.1,15.85,17.1,14.9,95.62,4.11
2025-06-03,18.68,20.2,17.6,93.38,1000.94,994.8,28.0,19.82,20.5,18.9,91.75,-6.3
2025-06-04,21.5,26.9,16.4,81.17,998.72,995.5,3.9,17.21,18.2,16.4,95.0,-2.22
2025-06-05,21.62,25.8,17.8,72.58,1008.02,1004.0,0.5,18.45,19.4,17.8,91.75,9.3
2025-06-06,22.16,27.1,17.3,71.75,1012.31,1011.2,0.0,19.11,21.0,17.3,84.38,4.29
2025-06-07,23.03,27.6,19.8,71.58,1010.03,1008.4,0.0,20.72,21.7,19.8,81.0,-2.28
2025-06-08,22.76,26.9,19.6,73.5,1009.79,1008.5,0.8,20.16,21.1,19.6,91.5,-0.24
2025-06-09,21.87,25.8,19.4,76.79,1012.45,1011.1,5.1,20.61,22.1,19.4,81.12,2.66
2025-06-10,20.43,22.0,18.6,92.75,1010.32,1007.7,18.2,19.08,19.8,18.6,96.5,-2.13
2025-06-11,21.68,24.6,19.1,90.75,1007.96,1005.0,10.3,22.65,24.6,20.5,91.62,-2.36
2025-06-12,22.94,27.2,19.8,76.12,1013.7,1010.7,0.4,20.26,20.6,19.8,94.12,5.74
2025-06-13,22.01,25.2,19.5,77.58,1018.23,1017.3,0.0,20.34,21.4,19.5,91.38,4.53
2025-06-14,21.87,25.1,19.9,83.38,1013.26,1005.1,14.4,20.29,21.1,19.9,86.38,-4.97
2025-06-15,25.72,29.7,22.7,85.21,999.92,997.4,22.3,23.26,24.2,21.9,91.38,-13.34
2025-06-16,26.2,30.5,23.2,83.75,1003.27,1001.6,6.2,24.16,25.8,23.2,94.12,3.35
2025-06-17,28.04,33.1,23.6,79.42,1006.02,1003.0,0.0,24.26,25.2,23.6,93.88,2.75
2025-06-18,27.83,32.6,23.8,71.83,1011.83,1009.9,0.0,24.99,26.7,23.8,85.88,5.81
2025-06-19,27.2,32.2,23.4,76.29,1014.26,1013.5,0.0,24.06,25.1,23.4,95.62,2.43
2025-06-20,26.3,30.4,23.3,72.62,1015.05,1013.7,0.6,24.14,25.3,23.3,89.88,0.78
2025-06-21,26.5,31.5,22.3,67.67,1012.18,1009.5,0.0,23.21,24.5,22.3,82.12,-2.87
2025-06-22,28.07,33.4,23.5,63.25,1007.11,1005.0,0.0,24.34,25.6,23.5,77.12,-5.07
2025-06-23,28.5,32.9,25.4,67.62,1008.54,1007.1,0.0,25.91,26.4,25.4,79.38,1.43
2025-06-24,26.69,29.1,24.9,79.62,1013.72,1011.7,1.8,25.9,26.8,24.9,84.62,5.18
2025-06-25,25.77,29.1,23.7,87.38,1013.96,1012.6,11.7,24.48,25.2,23.7,91.62,0.25
2025-06-26,27.3,31.2,24.4,83.25,1007.85,1005.1,3.7,24.92,25.7,24.4,94.25,-6.11
2025-06-27,27.05,31.2,24.0,78.79,1005.08,1003.7,3.3,24.4,25.0,24.0,98.38,-2.78
2025-06-28,27.55,32.5,23.5,64.38,1006.62,1005.5,0.0,24.56,26.7,23.5,86.75,1.55
2025-06-29,27.96,32.6,23.2,64.46,1009.29,1008.6,0.7,24.48,26.1,23.2,78.5,2.67
2025-06-30,29.37,34.8,24.4,62.62,1011.45,1010.4,0.0,25.74,27.4,24.4,74.25,2.17
2025-07-01,29.34,33.9,25.8,72.04,1013.14,1012.5,1.0,26.72,27.8,25.8,81.75,1.68
2025-07-02,27.66,31.7,25.4,81.62,1013.67,1012.2,7.0,26.2,27.3,25.4,90.38,0.53
2025-07-03,27.84,32.6,24.6,76.42,1012.42,1010.8,3.9,25.25,26.6,24.6,93.88,-1.25
2025-07-04,28.72,35.0,24.4,68.17,1008.93,1006.6,0.0,25.24,26.3,24.4,82.25,-3.49
2025-07-05,30.13,35.4,25.5,65.29,1004.52,1002.6,1.9,26.61,27.6,25.5,80.25,-4.41
2025-07-06,30.21,35.9,25.0,67.0,1003.39,1001.7,1.9,25.74,27.5,25.0,87.12,-1.13
2025-07-07,31.41,37.2,27.4,62.42,1004.89,1003.6,0.5,28.59,30.0,27.4,78.25,1.5
2025-07-08,30.95,35.4,27.3,64.29,1008.22,1006.7,0.0,28.08,29.4,27.3,82.0,3.32
2025-07-09,30.66,35.6,27.0,65.0,1010.57,1009.4,0.0,27.96,29.2,27.0,80.62,2.35
2025-07-10,28.83,35.3,23.0,72.83,1011.48,1009.9,20.3,27.69,28.8,26.7,78.75,0.9
2025-07-11,23.55,25.5,21.0,82.5,1014.33,1013.4,2.3,22.71,23.2,22.3,93.38,2.85
2025-07-12,23.17,26.4,20.2,77.67,1012.22,1009.6,0.1,20.52,21.2,20.2,85.5,-2.11
2025-07-13,25.23,30.5,20.9,79.5,1007.56,1005.2,0.3,21.6,22.6,20.9,88.75,-4.65
2025-07-14,26.14,29.4,23.4,84.79,1000.1,996.2,10.5,24.22,25.2,23.4,94.62,-7.46
2025-07-15,26.3,27.9,24.6,87.21,1004.49,1001.2,20.7,26.12,27.0,24.6,86.0,4.39
2025-07-16,26.14,27.5,24.2,86.67,1013.51,1008.2,11.3,26.05,26.2,25.8,86.12,9.02
2025-07-17,26.96,29.8,24.5,78.92,1017.54,1016.7,0.9,25.0,25.5,24.2,91.5,4.03
2025-07-18,26.98,30.4,24.4,78.12,1017.21,1015.7,0.0,24.95,25.7,24.4,87.38,-0.33
2025-07-19,27.26,31.0,24.0,76.25,1016.72,1015.3,0.0,24.5,25.4,24.0,87.38,-0.49
2025-07-20,27.94,31.7,24.3,76.21,1016.6,1015.4,0.0,25.31,26.4,24.3,87.12,-0.12
2025-07-21,29.17,33.4,25.1,76.33,1016.37,1014.9,1.6,26.05,27.0,25.1,88.75,-0.23
2025-07-22,29.54,33.7,25.9,73.88,1015.1,1013.8,0.8,26.69,27.4,25.9,89.25,-1.27
2025-07-23,30.08,34.7,26.1,68.88,1013.25,1011.9,0.1,27.05,28.1,26.1,83.75,-1.85
2025-07-24,30.4,34.8,25.9,67.83,1012.03,1010.7,0.3,27.08,28.2,25.9,82.75,-1.22
2025-07-25,31.01,35.9,26.6,66.08,1011.65,1010.5,0.5,27.68,29.2,26.6,82.0,-0.38
2025-07-26,30.92,35.7,26.8,63.25,1011.1,1009.8,0.0,27.76,29.1,26.8,77.62,-0.55
2025-07-27,30.48,35.3,26.6,64.83,1008.43,1006.8,0.0,27.55,28.9,26.6,78.62,-2.67
2025-07-28,30.38,34.8,25.8,64.83,1004.93,1003.0,0.1,26.9,28.4,25.8,81.62,-3.5
2025-07-29,30.25,37.4,25.3,63.83,1003.32,1001.3,0.0,26.61,28.4,25.3,81.25,-1.61
2025-07-30,29.55,34.9,25.5,62.12,1004.27,1002.9,0.0,26.9,28.0,25.5,77.38,0.95
2025-07-31,28.38,33.1,24.7,64.58,1005.44,1003.7,0.0,25.98,27.5,24.7,79.75,1.17
2025-08-01,26.93,30.8,23.9,74.83,1002.15,997.9,3.5,25.22,26.1,24.8,74.5,-3.29
2025-08-02,29.32,34.0,26.1,77.54,998.7,995.8,5.6,26.61,27.4,25.9,83.38,-3.45
2025-08-03,29.68,34.3,26.2,78.92,1002.56,1001.1,1.2,26.81,27.7,26.2,94.12,3.86
2025-08-04,30.98,35.8,26.9,67.92,1005.12,1003.5,0.0,28.2,29.3,26.9,85.62,2.56
2025-08-05,32.93,38.5,27.4,59.08,1004.21,1002.1,0.0,28.08,29.0,27.4,75.38,-0.9
2025-08-06,33.07,37.4,29.6,61.46,1002.78,1001.1,0.0,30.8,31.8,29.6,71.88,-1.44
2025-08-07,30.52,34.4,27.8,67.21,997.85,995.5,1.0,29.31,31.1,27.8,74.5,-4.92
2025-08-08,29.95,36.4,25.2,59.58,1001.27,998.3,1.6,27.79,29.0,26.4,76.75,3.42
2025-08-09,27.9,31.7,24.2,69.21,1006.48,1005.5,0.2,24.72,25.3,24.2,80.62,5.21
2025-08-10,26.83,29.0,24.5,82.83,1005.2,1003.4,9.9,26.32,27.5,24.5,84.0,-1.27
2025-08-11,27.16,28.5,25.6,81.67,1006.2,1005.0,15.4,26.36,27.2,25.6,82.0,0.99
2025-08-12,27.73,29.3,26.4,82.71,1009.65,1007.3,2.9,27.18,27.6,26.5,81.5,3.46
2025-08-13,27.49,30.6,24.7,80.67,1015.86,1013.0,0.5,25.61,26.5,24.7,97.38,6.2
2025-08-14,26.68,30.9,23.3,76.25,1016.98,1015.3,0.0,24.56,26.5,23.3,87.38,1.12
2025-08-15,28.64,33.6,24.4,71.5,1013.91,1012.1,0.0,25.44,26.4,24.4,85.38,-3.07
2025-08-16,29.28,33.9,25.6,72.08,1013.7,1012.5,0.2,26.45,27.2,25.6,88.75,-0.21
2025-08-17,30.66,36.0,25.8,66.54,1013.06,1011.4,0.1,27.05,28.2,25.8,83.75,-0.64
2025-08-18,31.88,37.9,28.1,59.08,1013.87,1012.8,0.5,28.79,29.6,28.1,70.75,0.8
2025-08-19,30.8,36.0,26.1,68.54,1012.26,1009.8,0.0,27.42,28.7,26.1,87.88,-1.61
2025-08-20,31.39,36.0,27.1,63.62,1010.07,1008.4,0.6,27.99,29.2,27.1,80.88,-2.19
2025-08-21,32.03,37.9,28.3,56.42,1009.92,1008.8,2.4,28.79,29.5,28.3,73.12,-0.15
2025-08-22,30.45,35.9,26.2,65.17,1010.57,1009.3,1.0,27.2,28.6,26.2,79.5,0.65
2025-08-23,31.48,36.3,27.2,65.83,1010.15,1008.8,0.0,28.32,29.5,27.2,82.0,-0.42
2025-08-24,31.99,37.2,27.8,63.67,1011.34,1010.1,0.5,28.61,29.9,27.8,79.88,1.19
2025-08-25,31.14,36.8,27.2,64.58,1013.25,1011.7,0.3,28.72,30.1,27.2,79.5,1.91
2025-08-26,30.82,35.2,27.4,65.5,1011.55,1009.4,0.4,27.98,28.9,27.4,82.0,-1.7
2025-08-27,31.5,36.5,26.9,62.12,1008.41,1006.4,0.0,27.86,29.3,26.9,77.38,-3.14
2025-08-28,29.6,33.0,27.1,59.04,1013.25,1011.1,0.0,28.55,30.6,27.3,73.75,4.84
2025-08-29,29.29,34.1,25.1,64.75,1014.65,1012.9,0.0,26.62,27.8,25.2,68.25,1.4
2025-08-30,32.07,38.8,26.7,59.17,1012.94,1010.8,0.0,27.42,28.1,26.7,84.5,-1.71
2025-08-31,31.67,36.9,28.2,62.46,1012.78,1011.2,0.0,29.24,31.0,28.2,73.0,-0.16
2025-09-01,30.95,35.8,27.7,66.33,1011.24,1009.6,0.0,28.42,29.3,27.7,83.5,-1.54
2025-09-02,31.33,36.6,27.1,61.71,1009.14,1007.3,0.0,28.09,29.1,27.1,76.75,-2.1
2025-09-03,31.78,36.5,28.0,59.96,1010.51,1008.6,0.4,29.35,29.9,28.0,70.38,1.37
2025-09-04,26.85,29.1,25.2,80.04,1013.52,1012.4,6.3,26.78,29.7,25.2,79.75,3.01
2025-09-05,24.9,25.7,23.6,91.46,1006.65,1000.6,77.9,25.42,25.8,24.9,93.88,-6.88
2025-09-06,26.42,30.0,23.3,76.46,1009.41,1006.3,0.0,23.86,24.4,23.3,90.0,2.76
2025-09-07,26.95,30.7,23.9,76.75,1008.94,1007.3,0.0,24.75,25.4,24.0,85.12,-0.48
2025-09-08,28.41,33.1,23.9,79.71,1008.68,1007.6,1.1,25.02,26.2,23.9,91.62,-0.26
2025-09-09,28.78,32.6,25.9,78.88,1010.75,1009.2,0.6,26.48,26.9,25.9,89.62,2.07
2025-09-10,28.34,33.1,25.5,80.17,1012.51,1011.3,4.1,26.75,27.8,25.5,89.88,1.76
2025-09-11,26.62,31.9,23.5,81.92,1014.19,1011.9,26.0,27.01,28.1,25.7,81.88,1.68
2025-09-12,24.41,28.6,22.4,86.67,1018.13,1017.3,19.4,23.19,24.2,22.4,94.0,3.94
2025-09-13,25.51,28.5,22.8,87.08,1013.67,1009.2,13.9,23.18,23.7,22.8,97.25,-4.46
2025-09-14,28.6,31.5,26.1,78.12,1009.3,1007.6,0.0,26.35,26.5,26.2,84.62,-4.37
2025-09-15,27.28,30.3,24.6,77.83,1015.01,1013.1,0.1,26.09,28.0,24.7,86.12,5.71
2025-09-16,27.84,31.8,24.3,80.79,1014.8,1013.2,4.9,25.78,26.8,24.3,91.88,-0.22
2025-09-17,29.39,33.8,24.9,75.25,1010.13,1007.9,0.0,26.01,26.9,25.1,92.38,-4.67
2025-09-18,29.1,36.5,23.9,69.21,1008.1,1005.1,7.8,27.21,29.3,25.9,79.88,-2.03
2025-09-19,22.55,24.5,20.6,77.75,1017.34,1013.8,16.7,22.68,24.7,21.2,89.0,9.24
2025-09-20,24.08,28.1,20.8,81.67,1013.45,1006.2,1.9,21.42,22.2,20.8,89.12,-3.89
2025-09-21,25.18,29.5,20.4,74.21,1008.88,1004.7,17.4,24.88,25.5,22.9,86.0,-4.56
2025-09-22,21.8,25.5,19.4,66.58,1020.38,1017.3,0.6,20.35,20.8,19.7,84.62,11.49
2025-09-23,20.67,24.2,17.1,66.92,1023.06,1021.6,0.0,18.56,19.9,17.2,77.5,2.69
2025-09-24,21.44,26.4,17.0,64.5,1022.77,1021.1,0.0,18.54,20.0,17.0,79.38,-0.29
2025-09-25,23.35,28.3,18.1,66.96,1019.22,1016.3,0.0,19.45,20.1,18.5,77.75,-3.55
2025-09-26,26.18,32.2,21.8,69.71,1014.66,1012.8,4.6,22.89,23.8,21.9,86.25,-4.55
2025-09-27,23.82,27.5,21.4,74.96,1016.11,1014.8,15.7,21.95,22.4,21.4,94.12,1.45
2025-09-28,24.38,28.0,20.8,67.83,1014.8,1009.5,0.9,21.61,22.7,21.2,75.75,-1.31
2025-09-29,27.3,32.0,23.7,61.79,1003.46,1000.5,0.4,24.04,24.3,23.7,83.75,-11.34
2025-09-30,23.72,28.0,20.4,65.29,1011.52,1007.6,7.4,23.01,26.0,20.7,74.5,8.07
2025-10-01,20.46,21.9,18.6,86.75,1012.56,1010.8,26.7,20.88,22.6,20.0,80.38,1.04
2025-10-02,21.51,26.4,16.6,79.29,1015.94,1013.0,0.0,17.86,18.9,16.9,98.0,3.38
2025-10-03,21.58,24.6,18.4,76.33,1022.38,1020.5,0.0,19.94,21.4,18.6,87.88,6.44
2025-10-04,21.63,24.2,19.7,85.58,1020.34,1017.7,2.7,20.29,20.7,19.8,88.12,-2.04
2025-10-05,23.58,27.8,19.5,84.21,1013.54,1010.2,0.3,20.24,20.8,19.7,97.88,-6.8
2025-10-06,23.87,29.0,20.9,78.96,1012.28,1008.9,0.4,23.05,24.1,21.9,94.25,-1.25
2025-10-07,21.41,24.1,19.3,70.0,1019.65,1018.3,0.0,20.14,21.1,19.3,80.25,7.37
2025-10-08,23.22,28.2,18.6,68.75,1014.3,1011.6,0.0,19.41,20.7,18.7,79.88,-5.35
2025-10-09,21.38,23.7,17.5,63.75,1014.48,1012.3,0.0,23.36,23.9,22.7,76.12,0.18
2025-10-10,19.91,24.0,16.2,58.38,1019.86,1018.5,0.0,17.04,17.7,16.4,65.12,5.38
2025-10-11,17.58,19.0,16.1,83.62,1018.85,1015.2,4.1,19.01,19.6,18.8,75.38,-1.02
2025-10-12,19.49,24.4,15.5,84.71,1011.96,1010.0,0.0,15.85,16.2,15.5,90.62,-6.89
2025-10-13,21.46,25.9,19.0,83.0,1010.46,1007.9,0.1,20.19,20.7,19.7,91.38,-1.5
2025-10-14,18.48,20.7,16.7,76.29,1018.84,1015.3,0.4,18.22,19.4,17.4,84.5,8.38
2025-10-15,17.44,19.9,15.2,86.54,1022.06,1019.7,4.3,15.94,17.1,15.2,92.75,3.22
2025-10-16,18.67,22.9,16.3,89.42,1018.21,1013.4,12.8,16.81,17.4,16.4,92.38,-3.85
2025-10-17,19.54,23.3,16.6,79.29,1021.13,1014.3,5.3,17.92,18.5,17.4,92.75,2.92
2025-10-18,20.05,24.8,14.5,82.88,1018.88,1014.7,0.0,15.84,16.9,14.7,94.0,-2.25
2025-10-19,20.08,24.4,15.9,77.12,1019.47,1014.8,3.0,20.65,22.6,19.5,83.88,0.59
2025-10-20,17.41,20.7,15.0,87.5,1019.25,1017.0,5.0,15.66,16.3,15.0,92.75,-0.22
2025-10-21,14.7,16.3,13.7,74.29,1025.96,1023.2,3.0,15.68,17.3,14.3,80.5,6.71
2025-10-22,12.37,14.2,11.4,86.42,1028.3,1027.3,14.7,13.78,14.6,12.6,77.62,2.34
2025-10-23,13.55,17.6,11.3,76.08,1026.95,1025.0,0.2,11.46,11.6,11.4,89.38,-1.35
2025-10-24,13.03,16.5,10.6,79.08,1026.66,1025.2,2.8,11.54,12.5,10.8,84.62,-0.29
2025-10-25,12.73,13.4,12.1,89.58,1024.32,1020.1,4.3,12.68,13.1,12.2,88.75,-2.34
2025-10-26,15.48,18.0,13.0,93.29,1012.9,1006.0,22.0,13.08,13.2,12.9,94.5,-11.43
2025-10-27,17.39,21.2,14.0,77.17,1007.72,1004.8,0.4,15.16,16.1,14.0,95.38,-5.17
2025-10-28,15.52,19.6,12.6,57.25,1017.3,1011.2,0.0,14.72,17.1,13.6,68.38,9.58
2025-10-29,12.96,15.7,11.2,60.17,1027.57,1023.8,0.0,12.12,13.0,11.6,54.12,10.27
2025-10-30,12.62,17.3,7.9,70.0,1028.35,1026.6,0.0,9.7,11.8,8.1,74.75,0.77
2025-10-31,14.02,17.0,11.3,83.21,1018.99,1001.3,47.6,12.32,12.9,11.8,82.12,-9.35
2025-11-01,16.2,20.9,10.8,84.62,1002.03,998.1,1.2,13.02,13.7,11.5,94.5,-16.96
2025-11-02,14.82,18.9,11.2,79.08,1010.46,1008.4,0.0,13.04,14.6,11.7,91.0,8.43
2025-11-03,13.36,18.1,10.2,68.67,1016.36,1011.1,0.0,11.9,13.6,10.2,91.25,5.9
2025-11-04,11.56,15.6,7.6,67.12,1028.04,1025.7,0.0,9.52,11.2,8.0,70.5,11.68
2025-11-05,11.65,14.8,8.3,76.04,1026.02,1023.3,0.0,9.44,11.0,8.4,82.0,-2.02
2025-11-06,14.36,17.9,11.2,72.58,1018.38,1015.0,2.5,11.98,12.6,11.2,78.75,-7.65
2025-11-07,14.68,19.5,10.9,55.75,1019.33,1017.3,0.0,12.84,14.7,10.9,67.5,0.96
2025-11-08,12.79,15.9,10.4,61.54,1025.92,1023.1,0.0,11.91,13.0,10.8,54.38,6.59
2025-11-09,11.49,13.0,10.1,90.46,1016.7,1006.3,9.2,11.52,11.9,10.6,80.12,-9.23
2025-11-10,13.38,18.2,10.5,70.25,1006.11,1003.2,1.9,11.24,11.9,10.6,94.62,-10.59
2025-11-11,11.69,14.7,9.5,57.42,1016.17,1012.8,0.0,10.15,11.1,9.5,62.25,10.06
2025-11-12,10.8,14.4,7.4,62.08,1022.96,1021.1,0.0,9.29,10.6,8.4,60.88,6.8
2025-11-13,10.06,12.8,7.5,77.04,1016.08,1012.6,0.0,8.29,9.8,7.5,84.0,-6.88
2025-11-14,13.88,18.5,10.4,66.29,1014.3,1011.6,0.0,10.95,11.3,10.4,69.5,-1.78
2025-11-15,12.73,16.4,10.3,70.08,1023.47,1018.5,0.0,11.2,12.2,10.4,78.0,9.17
2025-11-16,12.1,16.4,7.6,78.17,1027.96,1025.6,0.0,9.44,11.3,7.9,85.25,4.49
2025-11-17,14.82,20.9,9.3,71.04,1015.65,1008.8,0.0,11.38,12.4,9.8,86.25,-12.3
2025-11-18,11.37,14.0,7.2,59.08,1011.4,1009.6,0.7,12.42,14.5,10.5,62.38,-4.25
2025-11-19,8.5,13.0,4.9,59.29,1020.55,1015.6,0.0,6.42,8.0,5.2,68.88,9.15
2025-11-20,9.04,13.6,5.9,64.33,1021.77,1019.4,0.0,6.36,7.7,5.9,68.62,1.22
2025-11-21,10.26,16.0,4.5,70.83,1016.12,1013.0,0.0,6.68,8.2,4.9,81.12,-5.65
2025-11-22,11.79,16.2,6.9,64.17,1022.43,1017.7,0.0,8.64,10.8,6.9,75.12,6.31
2025-11-23,11.6,15.1,9.1,71.17,1023.55,1020.7,0.2,10.58,12.3,9.3,73.0,1.12
2025-11-24,12.03,17.6,6.9,76.71,1018.09,1015.5,0.0,9.32,11.5,7.1,92.25,-5.46
2025-11-25,9.48,11.4,7.0,85.46,1012.28,1009.4,7.1,9.74,11.7,8.5,88.12,-5.81
2025-11-26,10.5,17.4,4.3,70.71,1014.69,1008.8,0.1,5.81,7.1,4.4,94.88,2.41
2025-11-27,11.0,15.4,6.2,76.79,1019.8,1011.9,0.0,9.07,11.1,7.1,79.12,5.11
2025-11-28,12.86,19.2,7.4,63.92,1008.44,1005.6,0.1,10.56,12.9,7.5,90.38,-11.36
2025-11-29,11.21,15.1,7.9,49.04,1017.37,1013.9,0.0,9.93,11.5,8.6,48.0,8.93
2025-11-30,10.79,16.2,6.5,61.75,1018.93,1017.3,0.0,8.43,9.6,6.8,68.75,1.57
2025-12-01,12.71,20.7,5.2,65.79,1015.32,1012.5,0.0,7.69,9.6,5.8,81.12,-3.61
2025-12-02,13.2,17.4,9.4,73.29,1013.98,1011.6,0.3,11.85,14.8,9.7,67.5,-1.34
2025-12-03,10.6,11.9,9.3,81.79,1005.85,1002.0,1.9,11.32,12.3,10.0,92.38,-8.13
2025-12-04,7.22,10.1,3.6,29.12,1013.42,1004.5,0.0,7.56,9.4,5.3,30.12,7.56
2025-12-05,5.73,11.1,-0.4,45.54,1016.25,1013.9,0.0,2.12,4.5,-0.2,49.25,2.83
2025-12-06,6.7,11.8,2.1,52.88,1022.58,1021.2,0.0,4.49,5.8,2.9,56.25,6.32
2025-12-07,8.39,15.0,1.7,55.5,1018.65,1017.0,0.0,4.19,6.1,2.5,69.25,-3.92
2025-12-08,10.1,17.7,3.0,53.33,1016.08,1012.4,0.0,5.74,8.7,3.7,63.38,-2.57
2025-12-09,10.26,12.7,7.3,39.67,1020.32,1017.1,0.0,10.4,12.2,9.0,43.5,4.24
2025-12-10,8.23,14.3,2.5,45.42,1022.05,1020.2,0.0,5.74,8.0,3.7,52.5,1.73
2025-12-11,9.34,15.7,3.6,61.54,1016.4,1008.4,0.0,5.14,7.4,3.6,74.38,-5.65
2025-12-12,6.9,10.0,3.4,38.92,1020.59,1009.9,0.0,9.66,12.5,6.9,51.75,4.19
2025-12-13,4.99,8.4,2.1,47.33,1026.55,1022.5,2.7,3.09,3.7,2.4,46.75,5.96
2025-12-14,4.89,7.5,1.9,92.92,1006.58,999.6,12.5,3.06,4.5,1.9,91.12,-19.98
2025-12-15,8.15,12.9,4.1,53.96,1012.79,1002.6,0.0,5.72,8.1,4.1,79.5,6.22
2025-12-16,6.86,11.4,3.3,62.29,1019.9,1018.5,0.0,4.6,5.7,3.8,60.12,7.1
2025-12-17,7.2,12.0,2.4,72.0,1017.13,1014.4,0.0,4.56,5.7,2.8,75.75,-2.77
2025-12-18,8.2,11.6,6.1,53.38,1022.4,1015.4,0.0,7.18,8.0,6.3,66.5,5.28
2025-12-19,6.01,10.4,1.4,64.83,1029.4,1028.1,0.0,4.4,6.9,2.0,65.88,6.99
2025-12-20,8.05,14.2,3.2,82.5,1025.84,1022.2,3.2,5.21,6.8,3.6,72.62,-3.56
2025-12-21,13.06,19.0,7.8,83.29,1015.87,1012.2,1.0,8.51,9.8,7.9,97.75,-9.97
2025-12-22,8.98,11.8,4.5,49.79,1023.08,1014.3,0.3,11.26,13.0,9.5,57.62,7.22
2025-12-23,4.92,8.9,0.6,66.12,1029.99,1026.9,0.0,3.06,5.2,1.2,64.12,6.9
2025-12-24,5.94,7.7,4.3,89.38,1018.13,1011.1,15.3,5.34,6.3,4.8,73.62,-11.85
2025-12-25,8.94,11.8,6.5,92.88,1002.61,996.9,3.9,7.59,7.9,6.9,99.25,-15.53
2025-12-26,6.84,9.8,1.6,59.04,1003.03,994.2,1.2,8.25,8.8,7.4,96.12,0.43
2025-12-27,2.48,5.4,0.4,57.54,1018.53,1015.4,0.0,1.27,2.8,0.6,50.5,15.5
2025-12-28,3.63,9.2,-0.4,65.75,1021.13,1018.7,0.0,0.48,1.2,-0.4,74.12,2.6
2025-12-29,5.27,10.4,1.7,78.29,1019.74,1015.7,0.0,1.91,2.3,1.7,84.38,-1.39
2025-12-30,7.19,13.8,1.0,75.71,1013.87,1011.9,0.0,3.45,5.5,1.8,91.38,-5.88
2025-12-31,6.98,12.1,2.3,69.5,1011.93,1009.8,0.0,5.32,7.8,3.2,75.12,-1.94
2026-01-01,5.78,9.8,2.9,66.21,1011.07,1009.7,0.0,4.19,6.1,3.4,79.5,-0.86
2026-01-02,4.37,8.8,0.8,66.33,1008.78,1005.6,2.8,4.12,5.6,3.4,59.88,-2.29
2026-01-03,3.47,9.1,-1.2,56.62,1012.52,1009.1,0.0,-0.04,1.0,-1.2,92.38,3.74
2026-01-04,5.07,9.9,0.5,52.0,1015.53,1013.1,0.0,1.54,2.5,0.5,58.5,3.01
2026-01-05,5.03,10.6,0.7,65.42,1008.8,1004.3,0.0,2.5,5.1,0.9,76.38,-6.74
2026-01-06,6.03,11.0,2.6,36.17,1014.85,1010.1,0.0,4.76,6.1,3.7,47.0,6.06
2026-01-07,3.1,5.9,1.4,62.46,1016.48,1011.9,0.0,2.8,3.9,2.1,53.25,1.62
2026-01-08,3.05,9.3,-2.0,57.96,1009.54,1006.2,0.0,-0.01,2.1,-1.7,86.62,-6.94
2026-01-09,4.9,9.2,1.3,37.62,1018.62,1015.2,0.0,1.9,2.6,1.3,37.5,9.08
2026-01-10,7.65,13.9,0.6,54.12,1014.0,1005.9,0.0,2.76,4.9,1.1,59.88,-4.62
2026-01-11,11.51,16.5,4.3,31.79,1001.56,995.7,0.0,13.6,14.3,12.9,60.75,-12.44
2026-01-12,4.68,9.0,-0.1,33.46,1013.5,1009.5,0.0,2.95,4.8,1.5,21.62,11.94
2026-01-13,6.71,14.3,-2.2,50.25,1006.05,1000.6,0.0,0.9,3.9,-1.6,58.75,-7.45
2026-01-14,6.94,11.2,3.3,39.46,1012.3,1005.3,0.0,6.39,9.5,4.2,48.38,6.24
2026-01-15,6.72,11.0,1.2,45.79,1016.04,1010.6,0.0,3.1,4.9,1.6,46.38,3.75
2026-01-16,10.53,17.6,3.5,47.21,1012.5,1009.8,0.0,7.98,11.3,3.5,59.5,-3.55
2026-01-17,9.24,15.3,3.1,49.29,1014.01,1010.8,0.0,6.91,9.2,4.8,53.12,1.52
2026-01-18,8.88,12.8,5.7,45.08,1019.21,1015.9,0.0,7.74,9.5,6.5,46.62,5.2
2026-01-19,7.94,12.2,5.1,55.54,1015.32,1007.1,0.0,6.36,8.1,5.2,56.62,-3.88
2026-01-20,5.88,8.2,2.2,43.75,1008.44,1003.8,0.0,6.88,8.2,5.2,72.0,-6.89
2026-01-21,2.74,5.8,1.0,32.58,1010.71,1006.9,0.0,1.66,2.5,1.0,34.88,2.27
2026-01-22,2.44,6.4,-1.1,32.62,1011.16,1006.9,0.0,0.64,2.2,-0.4,52.62,0.45
2026-01-23,2.86,8.1,-3.5,37.96,1015.98,1014.7,0.0,-0.36,1.6,-2.2,37.12,4.82
2026-01-24,3.77,10.4,-3.0,42.0,1011.96,1008.3,0.2,0.5,4.0,-2.4,62.38,-4.02
2026-01-25,3.35,7.2,0.5,35.12,1013.46,1011.2,0.0,2.08,3.4,0.6,52.38,1.5
2026-01-26,3.89,7.9,-0.5,30.46,1019.68,1018.1,0.0,0.88,2.2,-0.5,32.38,6.22
2026-01-27,5.4,9.8,1.4,44.54,1014.05,1010.5,0.0,2.9,4.2,1.8,45.75,-5.63
2026-01-28,5.18,9.0,1.6,38.92,1015.68,1013.4,0.0,3.9,6.0,2.3,50.75,1.63
2026-01-29,4.57,8.0,1.5,39.75,1016.53,1014.4,0.4,3.36,5.0,2.2,42.12,0.85
2026-01-30,3.36,8.9,-1.8,36.96,1016.9,1014.9,0.0,0.96,2.8,-0.7,53.5,0.36
2026-01-31,3.98,8.6,-0.3,32.5,1017.17,1015.4,0.0,1.1,2.6,0.2,39.88,0.27
2026-02-01,4.96,10.6,-1.1,39.88,1016.0,1013.6,0.0,1.5,3.1,0.3,44.88,-1.17
2026-02-02,5.98,10.7,0.6,43.17,1016.33,1013.8,0.0,2.85,5.2,1.3,51.88,0.33
2026-02-03,5.63,9.9,2.3,40.38,1021.5,1018.0,0.0,4.1,6.4,2.3,54.0,5.16
2026-02-04,5.6,11.0,-0.3,45.83,1020.41,1017.8,0.0,2.34,4.3,0.7,53.88,-1.09
2026-02-05,8.08,13.4,2.0,42.12,1015.73,1013.1,0.0,5.31,6.8,3.1,45.75,-4.68
2026-02-06,8.5,15.8,1.4,41.88,1009.94,1006.6,0.0,5.7,8.5,3.3,54.12,-5.79
2026-02-07,2.75,5.9,0.6,60.71,1011.88,1010.2,3.9,5.55,7.4,4.3,40.0,1.94
2026-02-08,-1.8,0.3,-3.4,79.0,1008.04,1005.8,8.6,-0.54,0.8,-2.6,92.75,-3.84
2026-02-09,2.6,9.1,-3.1,34.21,1018.38,1013.5,0.0,-2.6,-1.7,-3.1,40.88,10.34
2026-02-10,5.1,10.7,-0.5,51.12,1022.95,1017.5,0.0,1.72,3.5,0.3,55.25,4.56
2026-02-11,5.32,9.0,0.8,78.67,1011.18,1007.2,13.5,6.22,9.0,4.4,59.5,-11.77
2026-02-12,6.49,10.2,3.8,52.12,1015.1,1011.8,0.0,5.18,6.0,4.2,60.12,3.92
2026-02-13,6.4,12.0,2.4,59.42,1016.74,1014.9,0.0,3.24,5.2,2.4,71.12,1.65
2026-02-14,8.21,15.0,1.2,69.5,1018.98,1017.4,0.0,3.5,5.7,1.6,84.12,2.23
2026-02-15,11.65,18.1,5.4,69.33,1014.21,1010.9,0.0,7.85,10.0,6.0,87.5,-4.77
2026-02-16,11.02,15.4,6.0,56.62,1012.75,1010.1,5.3,10.22,11.8,8.8,69.12,-1.46
2026-02-17,5.08,7.1,2.8,69.5,1019.35,1017.8,2.6,4.84,7.8,2.8,86.75,6.6
2026-02-18,7.18,11.6,3.4,60.5,1011.58,1006.5,0.1,4.54,5.6,3.8,71.5,-7.77
2026-02-19,5.06,9.8,1.5,33.62,1017.01,1011.9,0.0,4.18,7.6,1.8,40.75,5.43
2026-02-20,5.55,10.8,0.2,48.33,1019.98,1017.1,0.0,2.14,3.6,0.8,44.5,2.97
2026-02-21,9.02,14.7,3.0,49.0,1018.91,1017.2,0.0,5.05,7.2,3.5,62.75,-1.07
2026-02-22,11.25,17.5,2.4,64.96,1018.01,1015.2,0.0,7.31,9.9,3.6,59.88,-0.9
2026-02-23,17.62,22.8,12.2,63.67,1015.62,1013.1,0.0,15.18,15.4,14.9,75.62,-2.39
2026-02-24,13.87,19.2,10.6,62.21,1023.68,1021.2,0.0,11.74,12.5,11.0,66.25,8.06
2026-02-25,9.46,13.1,6.5,90.21,1021.02,1019.2,49.5,12.12,13.6,10.8,80.5,-2.66
2026-02-26,8.48,12.1,5.7,77.04,1020.1,1018.0,0.8,6.22,6.8,5.7,89.38,-0.92
2026-02-27,11.45,16.2,7.9,77.42,1014.06,1009.9,0.0,8.28,8.5,7.9,79.0,-6.04
2026-02-28,12.65,17.8,9.6,70.5,1010.15,1007.6,0.0,10.2,10.8,9.8,96.25,-3.91
2026-03-01,11.5,16.7,6.9,53.96,1019.32,1016.0,0.0,8.64,10.2,7.3,58.5,9.17
2026-03-02,10.54,13.1,8.1,73.04,1022.18,1020.9,0.2,10.44,11.7,8.4,78.5,2.85
2026-03-03,7.51,10.4,4.3,89.33,1019.25,1014.9,18.4,9.75,10.5,8.5,75.88,-2.93
2026-03-04,8.02,13.9,4.5,69.17,1010.7,1007.7,19.2,4.79,5.2,4.3,93.5,-8.55
2026-03-05,8.48,14.6,5.4,46.04,1017.7,1013.7,0.0,5.91,6.8,5.5,50.75,7.0
2026-03-06,7.92,13.2,3.5,73.92,1020.4,1014.3,0.0,5.06,7.0,3.9,68.5,2.7
2026-03-07,10.88,15.1,6.8,59.08,1011.51,1008.5,1.7,10.2,11.5,8.3,89.0,-8.89
2026-03-08,6.41,10.6,3.2,43.92,1019.02,1015.0,0.6,5.56,7.8,4.1,49.12,7.5
2026-03-09,6.65,11.6,2.2,56.46,1020.65,1018.0,0.0,3.2,4.5,2.3,58.0,1.63
2026-03-10,4.91,8.2,2.3,73.29,1019.9,1017.5,4.0,5.1,7.6,3.2,83.12,-0.75
2026-03-11,5.51,10.1,0.5,57.42,1023.83,1021.4,0.0,2.06,4.0,0.6,62.88,3.93
2026-03-12,7.0,11.2,3.4,52.79,1021.53,1018.8,0.0,4.95,6.3,4.0,67.5,-2.3
2026-03-13,6.67,10.0,2.8,52.96,1020.77,1018.7,0.0,4.39,5.9,3.4,58.75,-0.77
2026-03-14,9.31,15.4,5.0,54.12,1020.3,1017.8,0.0,6.36,7.4,5.7,58.75,-0.47
2026-03-15,10.1,15.3,4.5,54.58,1019.45,1016.7,0.0,6.65,8.5,4.8,70.62,-0.85
2026-03-16,9.82,13.7,6.9,67.54,1019.88,1018.0,2.8,8.94,10.3,7.2,74.88,0.44
2026-03-17,10.91,14.5,7.6,58.33,1020.89,1019.0,0.0,9.29,10.6,7.9,70.25,1.01
2026-03-18,12.4,16.9,7.9,73.58,1018.68,1012.1,4.2,9.22,10.7,8.0,88.5,-2.21
2026-03-19,14.13,19.5,10.6,63.67,1007.47,1004.7,7.2,13.22,13.9,11.9,73.88,-11.21
2026-03-20,9.75,11.1,7.3,73.92,1014.1,1012.2,4.8,10.69,12.2,9.9,60.62,6.62
2026-03-21,9.49,15.2,3.7,51.0,1020.68,1014.7,0.0,6.26,8.1,4.3,69.5,6.58
2026-03-22,10.3,15.7,3.8,53.58,1022.85,1020.1,0.0,6.6,10.0,4.2,58.75,2.17
2026-03-23,11.56,15.8,9.2,71.83,1015.8,1011.8,2.8,10.58,12.2,9.5,73.0,-7.05
2026-03-24,12.22,16.8,8.2,44.08,1018.02,1014.8,0.0,10.1,11.4,8.7,57.12,2.22
2026-03-25,10.88,12.5,9.4,76.67,1018.76,1015.5,11.9,10.4,11.1,9.4,64.75,0.74
2026-03-26,11.28,13.3,9.9,91.58,1012.39,1010.2,17.3,10.45,10.7,10.0,96.88,-6.38
2026-03-27,12.83,16.5,9.2,78.62,1013.08,1011.2,6.4,10.48,11.1,9.5,92.62,0.69
2026-03-28,13.58,17.7,9.5,79.54,1014.63,1012.8,3.7,10.59,11.5,9.7,94.62,1.55
2026-03-29,15.05,20.3,10.4,77.88,1017.2,1015.3,1.2,11.82,13.4,10.4,91.88,2.57
2026-03-30,15.4,19.4,11.5,75.88,1020.3,1017.9,0.6,12.68,14.0,11.5,87.38,3.1
2026-03-31,16.95,19.2,15.9,84.58,1009.55,1001.6,13.9,16.59,17.0,16.2,77.5,-10.75
2026-04-01,14.39,17.8,10.8,84.83,1010.09,1004.3,17.4,16.18,17.6,15.4,88.12,0.54
2026-04-02,11.03,16.2,9.0,75.96,1005.04,1001.1,24.9,10.07,11.1,9.5,94.62,-5.05
2026-04-03,12.81,18.1,7.0,62.62,1017.4,1013.3,0.0,8.31,9.7,7.0,64.0,12.36
2026-04-04,14.2,16.0,12.2,83.46,1014.83,1006.5,16.4,12.39,12.7,12.2,80.12,-2.56
2026-04-05,18.42,23.2,13.3,80.71,1005.67,1002.8,4.2,15.84,17.3,13.7,94.5,-9.16
2026-04-06,18.08,22.7,14.7,75.42,1011.84,1009.5,0.4,16.34,17.7,15.0,87.25,6.17
2026-04-07,14.95,18.3,8.7,71.46,1004.14,997.7,0.5,16.04,17.0,15.2,79.0,-7.7
2026-04-08,11.33,16.7,6.4,49.67,1017.64,1010.0,0.0,7.42,9.1,6.4,52.38,13.5
2026-04-09,14.83,18.9,9.2,66.58,1018.81,1014.4,3.6,11.38,12.0,9.7,72.12,1.17
2026-04-10,17.88,20.0,15.7,88.58,1004.93,998.9,19.6,15.99,16.4,15.7,83.38,-13.88
2026-04-11,19.82,25.5,15.3,74.75,1000.69,998.0,0.0,16.34,17.9,15.3,97.0,-4.24
2026-04-12,16.64,21.4,12.2,58.92,1012.36,1006.3,0.0,14.8,17.0,12.8,69.12,11.67
2026-04-13,17.65,22.6,12.2,75.83,1016.0,1014.3,0.0,15.16,16.3,12.5,88.0,3.64
2026-04-14,18.04,23.5,14.2,76.79,1016.31,1014.5,0.1,15.29,17.0,14.2,97.5,0.31
2026-04-15,17.92,23.1,14.2,75.08,1012.78,1009.2,10.5,15.52,16.9,14.2,89.62,-3.53
2026-04-16,15.66,21.3,10.6,74.79,1013.34,1008.6,7.4,14.56,16.1,13.8,93.62,0.56
2026-04-17,12.88,17.8,8.3,67.38,1022.6,1020.8,0.0,9.68,11.1,8.3,81.38,9.26
2026-04-18,15.96,21.0,11.0,71.58,1017.5,1013.8,0.0,11.74,12.5,11.0,85.62,-5.1
2026-04-19,18.45,24.6,13.5,68.5,1015.35,1013.3,0.0,14.65,16.1,13.5,84.12,-2.16
2026-04-20,18.54,23.6,14.4,62.21,1015.86,1013.3,0.0,15.58,17.4,14.4,82.62,0.52
2026-04-21,19.78,24.8,16.5,48.46,1010.0,1006.1,0.0,16.86,17.3,16.5,78.5,-5.87
2026-04-22,18.2,23.3,12.2,42.08,1014.84,1012.2,0.0,14.49,17.2,12.2,28.75,4.84
2026-04-23,16.47,20.2,12.6,61.71,1011.14,1009.9,20.2,17.19,19.1,15.9,61.75,-3.7
2026-04-24,14.4,18.7,11.9,75.04,1012.84,1008.7,6.6,12.48,12.7,11.9,91.75,1.7
2026-04-25,13.98,17.5,10.8,67.54,1021.93,1018.7,0.0,12.15,13.4,10.8,77.25,9.09
2026-04-26,15.36,20.3,9.2,69.62,1019.85,1015.6,0.0,10.69,12.4,9.2,83.25,-2.08
2026-04-27,15.79,21.6,11.8,80.12,1008.45,1004.2,37.6,15.29,16.4,14.1,83.75,-11.4
2026-04-28,17.94,22.5,10.5,75.33,1010.31,1007.1,0.0,11.75,13.7,10.5,94.38,1.86
2026-04-29,16.42,18.5,14.2,86.33,1012.31,1008.5,7.1,17.49,19.2,15.8,84.0,2.0
2026-04-30,13.69,15.4,12.1,75.67,1021.32,1018.9,1.7,13.69,14.4,13.1,87.0,9.01
2026-05-01,14.17,20.4,10.7,88.5,1003.62,991.6,41.7,11.44,12.2,10.7,88.88,-17.7
2026-05-02,19.68,26.1,12.9,54.04,1004.51,995.4,0.0,13.34,13.9,12.9,79.75,0.88
2026-05-03,18.23,23.2,13.9,72.5,1010.03,1005.1,0.3,15.82,18.7,13.9,71.62,5.52
2026-05-04,21.4,26.3,15.2,70.62,999.52,994.8,4.9,19.69,21.0,18.9,85.5,-10.51
2026-05-05,16.34,21.4,11.6,48.04,1019.1,1009.9,0.0,13.44,16.5,11.6,54.0,19.58
2026-05-06,17.5,20.2,14.8,74.58,1021.16,1018.2,0.0,15.31,16.0,14.8,69.38,2.06
2026-05-07,20.0,24.6,16.1,83.29,1013.02,1009.0,0.0,16.88,17.7,16.1,96.62,-8.14
2026-05-08,21.55,25.8,17.5,75.38,1005.17,1001.4,0.0,18.49,19.8,17.5,92.88,-7.86
2026-05-09,19.82,23.9,16.1,38.33,1010.71,1004.3,0.0,18.19,21.7,16.3,66.12,5.54
2026-05-10,19.25,24.4,14.1,38.54,1020.27,1018.0,0.0,16.04,18.5,14.1,33.25,9.56
2026-05-11,20.68,25.2,17.0,59.12,1019.05,1017.0,0.1,17.8,19.3,17.0,76.12,-1.21
2026-05-12,20.98,25.7,16.7,52.0,1013.61,1010.3,0.0,17.99,19.3,16.7,71.38,-5.45
2026-05-13,21.53,27.5,15.7,53.42,1009.3,1006.7,0.3,17.42,19.5,15.7,72.38,-4.3
2026-05-14,20.32,26.6,14.7,61.04,1013.93,1009.9,0.8,18.24,18.6,17.3,73.62,4.63
2026-05-15,18.53,24.4,13.6,64.71,1022.23,1020.5,0.0,14.21,14.9,13.6,81.25,8.3
2026-05-16,20.65,27.2,14.4,61.21,1021.58,1018.3,0.0,15.68,17.2,14.4,87.88,-0.65
2026-05-17,23.95,31.2,17.1,45.29,1017.55,1015.2,0.0,18.2,19.8,17.1,65.88,-4.04
2026-05-18,23.65,30.2,17.9,55.88,1019.12,1017.3,0.0,19.71,21.9,17.9,70.88,1.58
2026-05-19,23.85,29.9,18.2,57.25,1016.32,1014.2,0.0,19.9,21.7,18.2,65.62,-2.81
2026-05-20,24.92,30.9,19.6,63.71,1012.7,1010.6,0.0,20.5,21.7,19.6,81.12,-3.61
2026-05-21,19.35,23.5,15.7,85.42,1008.0,1005.9,9.5,22.56,23.6,21.9,82.88,-4.7
2026-05-22,14.95,17.7,12.4,81.21,1011.51,1007.1,17.7,15.21,16.1,14.6,89.12,3.51
2026-05-23,14.17,17.3,11.6,73.75,1020.92,1018.2,0.0,12.18,12.4,11.8,78.5,9.41
2026-05-24,17.74,22.6,13.3,77.54,1019.28,1017.2,0.7,13.66,14.2,13.3,85.62,-1.64
2026-05-25,20.87,25.9,16.5,76.71,1015.55,1013.4,0.2,17.18,18.0,16.5,94.12,-3.73
2026-05-26,21.67,26.5,17.5,75.33,1014.41,1012.5,0.1,18.24,19.4,17.5,93.88,-1.13
2026-05-27,23.29,28.2,18.8,74.04,1011.18,1008.2,1.6,19.54,20.3,18.8,93.75,-3.24
2026-05-28,24.68,28.9,20.7,77.21,1001.85,996.0,0.8,21.3,22.4,20.7,88.25,-9.33
2026-05-29,26.9,32.3,22.7,46.5,997.99,994.4,0.0,23.19,23.9,22.7,93.5,-3.86
2026-05-30,25.05,30.1,20.9,37.17,1007.9,1005.4,0.1,22.04,24.1,20.9,34.12,9.91
2026-05-31,25.78,32.2,21.5,55.33,1014.22,1011.2,0.8,22.29,23.2,21.5,66.75,6.32
2026-06-01,26.1,33.7,20.3,56.17,1018.13,1017.0,0.0,21.26,23.3,20.3,82.12,3.91
2026-06-02,22.91,26.4,20.1,63.96,1015.45,1012.7,2.1,21.6,23.1,20.5,67.62,-2.67
2026-06-03,19.11,20.4,18.1,87.21,998.92,989.0,143.2,19.06,20.2,18.1,90.38,-16.54
2026-06-04,20.36,23.8,17.8,65.54,1006.16,1001.7,0.0,19.0,19.2,18.8,72.0,7.25
2026-06-05,18.17,21.0,15.7,73.88,1011.06,1008.7,0.2,17.34,18.2,16.4,76.62,4.9
2026-06-06,18.25,23.0,15.1,75.25,1017.01,1014.7,0.0,15.44,15.9,15.1,84.25,5.95
2026-06-07,18.3,21.4,15.4,89.17,1016.53,1011.8,10.0,16.02,17.0,15.4,94.0,-0.48
2026-06-08,20.51,24.0,18.1,87.38,1006.6,1003.3,8.1,18.42,18.7,18.1,97.12,-9.94
2026-06-09,20.28,22.6,18.9,89.08,1003.66,1001.4,18.2,19.77,20.5,18.9,94.88,-2.94
2026-06-10,19.7,23.2,17.8,78.5,1006.9,1005.1,2.6,18.98,19.7,17.8,95.38,3.25
2026-06-11,20.34,24.6,16.4,71.96,1011.88,1010.3,1.4,17.08,18.1,16.4,82.62,4.98
2026-06-12,20.29,25.0,17.2,84.5,1012.8,1011.5,19.8,17.68,18.8,17.2,96.62,0.91
2026-06-13,22.22,27.3,17.3,76.33,1014.09,1012.5,2.3,18.04,19.5,17.3,93.0,1.29
2026-06-14,22.44,26.3,18.6,77.5,1016.58,1015.3,0.2,19.56,22.2,18.6,91.25,2.49
2026-06-15,19.42,22.0,17.2,79.58,1015.79,1014.0,6.1,19.79,21.2,18.0,88.5,-0.78
2026-06-16,21.42,26.6,16.1,71.58,1018.18,1016.8,0.0,16.96,18.0,16.1,90.38,2.38
2026-06-17,22.81,27.4,18.4,67.17,1018.05,1015.8,0.0,19.23,20.4,18.4,83.0,-0.12
2026-06-18,22.29,27.0,20.0,86.21,1011.11,1007.9,28.5,20.58,21.6,20.0,90.5,-6.95
2026-06-19,23.96,28.5,19.7,83.21,1011.13,1009.9,0.7,20.45,21.7,19.7,96.75,0.02
2026-06-20,22.15,24.8,20.9,92.92,1012.0,1009.3,27.1,21.82,23.0,20.9,94.12,0.88
2026-06-21,23.91,26.8,21.1,83.38,1001.35,998.3,20.1,21.56,22.1,21.1,96.38,-10.66
2026-06-22,22.85,27.7,19.8,77.54,1001.87,999.8,0.1,21.19,23.5,20.0,82.12,0.52
2026-06-23,20.46,24.0,18.0,78.0,1010.26,1006.5,0.0,18.96,20.3,18.0,88.62,8.4
2026-06-24,21.4,25.9,17.4,78.5,1013.35,1012.2,0.1,17.86,18.4,17.4,91.5,3.09
2026-06-25,20.68,22.3,19.3,94.33,1011.28,1009.3,18.1,20.62,21.6,19.3,94.25,-2.07
2026-06-26,22.1,26.3,19.6,94.42,1006.93,1005.4,29.9,19.84,20.2,19.6,98.75,-4.35
2026-06-27,22.1,23.5,20.7,95.33,1003.32,1000.5,59.1,21.11,21.7,20.7,98.0,-3.62
2026-06-28,22.52,23.5,21.2,90.12,1008.51,1003.7,7.1,21.72,22.2,21.2,97.25,5.2
2026-06-29,22.88,26.7,20.1,85.79,1013.33,1011.4,2.7,21.0,21.9,20.1,94.62,4.82
2026-06-30,24.26,28.5,20.5,81.33,1012.79,1011.2,2.6,21.15,22.0,20.5,96.38,-0.54
2026-07-01,24.02,28.1,20.0,82.71,1011.77,1010.8,2.2,20.96,22.4,20.0,96.0,-1.02
2026-07-02,22.04,23.7,21.0,89.96,1007.35,1005.0,28.4,22.31,23.6,21.1,92.38,-4.41
2026-07-03,22.88,25.7,20.6,82.42,1011.14,1007.9,2.8,21.0,21.6,20.6,92.75,3.79
2026-07-04,23.02,26.1,19.8,83.88,1012.52,1011.2,1.2,20.39,21.5,19.8,96.5,1.38
2026-07-05,23.7,26.7,21.2,82.54,1011.76,1010.9,3.9,21.89,22.7,21.2,95.12,-0.76
2026-07-06,22.72,25.5,20.4,81.46,1012.94,1012.1,7.6,21.79,22.6,21.3,91.38,1.18
2026-07-07,22.67,25.2,19.6,78.96,1013.95,1013.0,0.4,20.1,20.9,19.6,92.12,1.0
2026-07-08,24.31,28.7,20.2,74.0,1014.65,1013.2,0.0,21.04,22.4,20.2,90.62,0.7
2026-07-09,25.91,30.4,21.8,71.29,1014.95,1013.9,0.0,22.5,23.4,21.8,89.0,0.3
2026-07-10,27.28,32.6,23.0,69.0,1015.5,1014.5,0.0,23.78,24.7,23.0,83.75,0.55
2026-07-11,27.89,32.1,23.6,67.88,1013.83,1012.0,0.0,24.61,25.7,23.6,82.25,-1.67
2026-07-12,28.27,32.8,25.3,67.5,1010.92,1008.6,0.3,25.82,26.9,25.3,74.5,-2.91
2026-07-13,28.37,32.5,25.7,78.17,1006.65,1005.4,2.7,26.32,27.0,25.9,84.25,-4.27
2026-07-14,30.27,36.1,24.5,65.08,1006.94,1005.4,0.0,25.31,26.3,24.5,91.12,0.29
2026-07-15,30.72,35.4,26.8,67.83,1003.4,1000.6,0.5,27.61,28.5,26.8,81.88,-3.55
2026-07-16,31.57,36.7,27.5,63.42,1000.84,999.5,2.7,28.11,28.9,27.5,77.88,-2.55
2026-07-17,28.35,32.4,25.7,80.33,1004.02,1002.5,24.4,27.86,28.6,27.4,80.88,3.18
2026-07-18,27.19,29.2,25.3,79.17,1007.18,1006.1,2.5,25.75,26.2,25.3,90.75,3.16
2026-07-19,28.71,32.6,25.0,71.08,1007.79,1006.8,0.0,25.32,25.9,25.0,87.0,0.61
2026-07-20,31.6,37.1,25.8,62.62,1007.82,1006.4,0.0,26.6,27.5,25.8,84.75,0.03
2026-07-21,32.71,38.1,27.8,63.67,1007.97,1007.0,4.6,28.64,30.2,27.8,83.12,0.15
2026-07-22,32.6,37.9,28.3,65.17,1006.95,1005.5,4.0,28.9,30.5,28.3,78.38,-1.02
2026-07-23,32.16,38.3,28.3,62.79,1007.39,1006.0,8.5,29.64,31.5,28.3,81.5,0.44
2026-07-24,29.29,34.7,26.0,74.25,1010.28,1009.1,14.8,27.72,30.2,26.5,80.75,2.89
2026-07-25,30.0,37.0,26.4,70.46,1009.15,1006.9,3.2,26.58,27.3,26.0,88.62,-1.12
2026-07-26,28.82,34.5,24.7,70.71,1008.24,1006.7,15.2,25.98,26.7,25.4,80.0,-0.92
2026-07-27,26.82,30.8,23.9,74.83,1011.68,1008.6,3.2,24.94,25.3,24.5,91.12,3.45
2026-07-28,26.27,31.0,22.2,79.04,1011.15,1006.5,15.2,23.09,24.3,22.2,87.38,-0.54
2026-07-29,30.52,36.6,23.6,56.21,1004.05,1002.2,0.7,24.68,25.9,23.6,91.38,-7.1
2026-07-30,32.84,39.1,27.6,45.33,1003.43,1001.7,1.4,29.32,31.2,27.6,48.0,-0.62
2026-07-31,31.44,38.4,27.0,60.62,1003.64,1002.0,5.3,28.02,31.6,27.0,75.0,0.21
2026-08-01,32.89,39.2,27.5,56.29,1002.52,1000.3,0.5,27.95,28.6,27.5,83.38,-1.12
2026-08-02,31.24,38.6,24.7,62.12,1005.86,1002.6,19.5,31.41,32.3,29.9,58.88,3.34
2026-08-03,25.05,27.2,23.5,77.38,1013.44,1011.2,1.4,24.18,25.3,23.5,85.5,7.57
2026-08-04,25.74,30.0,21.7,64.58,1014.17,1012.7,0.1,23.08,23.9,21.7,80.62,0.73
2026-08-05,27.58,33.1,22.6,61.58,1012.0,1010.0,0.0,23.62,24.8,22.6,74.25,-2.17
2026-08-06,28.52,33.7,24.5,70.25,1010.97,1009.6,7.2,25.32,26.6,24.5,78.62,-1.04
2026-08-07,29.83,34.1,26.6,69.83,1009.69,1008.2,1.1,27.58,28.7,26.6,82.25,-1.28
2026-08-08,30.19,34.9,26.3,63.92,1008.18,1006.0,0.0,27.09,28.0,26.3,85.38,-1.51
2026-08-09,29.85,35.7,25.8,59.71,1007.36,1005.1,3.0,27.39,28.6,25.8,72.25,-0.82
2026-08-10,27.56,31.7,23.8,68.12,1007.45,1005.7,2.5,25.74,26.5,25.1,77.75,0.09
2026-08-11,25.5,31.0,22.2,64.75,999.78,992.8,28.5,23.28,24.2,22.2,78.25,-7.67
2026-08-12,23.96,28.4,22.0,88.46,1004.3,996.5,40.5,23.12,24.5,22.2,92.5,4.52
2026-08-13,24.28,28.6,22.0,90.33,1007.75,1006.5,58.6,22.56,23.7,22.0,96.25,3.45
2026-08-14,25.5,29.6,22.6,86.67,1008.65,1007.3,4.1,23.42,23.6,23.1,95.75,0.91
2026-08-15,25.58,28.4,23.6,81.5,1011.3,1010.2,2.5,23.98,24.6,23.6,95.75,2.65
2026-08-16,23.78,26.2,21.7,87.04,1013.35,1012.5,0.5,22.82,24.0,21.7,87.0,2.04
2026-08-17,25.48,30.1,22.1,81.54,1014.88,1013.7,0.1,22.52,23.4,22.1,94.5,1.54
2026-08-18,26.28,31.1,22.4,79.42,1016.29,1015.2,0.0,23.38,24.6,22.4,92.0,1.4
2026-08-19,26.64,31.5,22.5,77.46,1016.82,1015.3,0.0,23.79,25.1,22.5,93.0,0.53
