logId,dateOfSleep,dateTime,level,seconds,isShort
1390186760060182064,2025-11-25,2025-11-25 00:06:00,wake,2460,False
1390186760060182064,2025-11-25,2025-11-25 00:47:00,light,870,False
1390186760060182064,2025-11-25,2025-11-25 01:01:30,deep,1920,False
1390186760060182064,2025-11-25,2025-11-25 01:33:30,light,690,False
1390186760060182064,2025-11-25,2025-11-25 01:45:00,rem,1500,False
1390186760060182064,2025-11-25,2025-11-25 02:10:00,light,1470,False
1390186760060182064,2025-11-25,2025-11-25 02:34:30,deep,30,False
1390186760060182064,2025-11-25,2025-11-25 02:35:00,light,150,False
1390186760060182064,2025-11-25,2025-11-25 02:37:30,deep,1350,False
1390186760060182064,2025-11-25,2025-11-25 03:00:00,light,1830,False
1390186760060182064,2025-11-25,2025-11-25 03:00:30,wake,90,True
1390186760060182064,2025-11-25,2025-11-25 03:13:00,wake,30,True
1390186760060182064,2025-11-25,2025-11-25 03:20:00,wake,60,True
1390186760060182064,2025-11-25,2025-11-25 03:30:30,rem,1590,False
1390186760060182064,2025-11-25,2025-11-25 03:53:30,wake,150,True
1390186760060182064,2025-11-25,2025-11-25 03:57:00,light,60,False
1390186760060182064,2025-11-25,2025-11-25 03:58:00,rem,30,False
1390186760060182064,2025-11-25,2025-11-25 03:58:30,light,30,False
1390186760060182064,2025-11-25,2025-11-25 03:59:00,rem,30,False
1390186760060182064,2025-11-25,2025-11-25 03:59:30,light,3210,False
1390186760060182064,2025-11-25,2025-11-25 04:29:30,wake,30,True
1390186760060182064,2025-11-25,2025-11-25 04:39:00,wake,60,True
1390186760060182064,2025-11-25,2025-11-25 04:50:30,wake,30,True
1390186760060182064,2025-11-25,2025-11-25 04:53:00,rem,30,False
1390186760060182064,2025-11-25,2025-11-25 04:53:30,light,90,False
1390186760060182064,2025-11-25,2025-11-25 04:54:00,wake,60,True
1390186760060182064,2025-11-25,2025-11-25 04:55:00,rem,30,False
1390186760060182064,2025-11-25,2025-11-25 04:55:30,light,150,False
1390186760060182064,2025-11-25,2025-11-25 04:58:00,rem,780,False
1390186760060182064,2025-11-25,2025-11-25 05:04:30,wake,120,True
1390186760060182064,2025-11-25,2025-11-25 05:11:00,wake,660,False
1390186760060182064,2025-11-25,2025-11-25 05:22:00,light,420,False
1390186760060182064,2025-11-25,2025-11-25 05:22:30,wake,30,True
1390186760060182064,2025-11-25,2025-11-25 05:25:00,wake,30,True
1390186760060182064,2025-11-25,2025-11-25 05:29:00,wake,270,False
203776919119370752,2025-11-26,2025-11-25 23:05:30,wake,420,False
203776919119370752,2025-11-26,2025-11-25 23:12:30,light,1080,False
203776919119370752,2025-11-26,2025-11-25 23:30:30,deep,30,False
203776919119370752,2025-11-26,2025-11-25 23:31:00,light,60,False
203776919119370752,2025-11-26,2025-11-25 23:32:00,deep,30,False
203776919119370752,2025-11-26,2025-11-25 23:32:30,light,60,False
203776919119370752,2025-11-26,2025-11-25 23:33:30,deep,1890,False
203776919119370752,2025-11-26,2025-11-26 00:05:00,light,150,False
203776919119370752,2025-11-26,2025-11-26 00:07:30,rem,1470,False
203776919119370752,2025-11-26,2025-11-26 00:26:30,wake,90,True
203776919119370752,2025-11-26,2025-11-26 00:31:00,wake,30,True
203776919119370752,2025-11-26,2025-11-26 00:32:00,wake,240,False
203776919119370752,2025-11-26,2025-11-26 00:36:00,light,1410,False
203776919119370752,2025-11-26,2025-11-26 00:37:30,wake,90,True
203776919119370752,2025-11-26,2025-11-26 00:59:30,deep,150,False
203776919119370752,2025-11-26,2025-11-26 01:02:00,light,90,False
203776919119370752,2025-11-26,2025-11-26 01:03:30,deep,60,False
203776919119370752,2025-11-26,2025-11-26 01:04:30,light,30,False
203776919119370752,2025-11-26,2025-11-26 01:05:00,deep,660,False
203776919119370752,2025-11-26,2025-11-26 01:16:00,light,30,False
203776919119370752,2025-11-26,2025-11-26 01:16:30,deep,840,False
203776919119370752,2025-11-26,2025-11-26 01:27:30,wake,180,True
203776919119370752,2025-11-26,2025-11-26 01:30:30,light,2040,False
203776919119370752,2025-11-26,2025-11-26 01:52:00,wake,30,True
203776919119370752,2025-11-26,2025-11-26 02:04:30,rem,1920,False
203776919119370752,2025-11-26,2025-11-26 02:36:30,wake,240,False
203776919119370752,2025-11-26,2025-11-26 02:40:30,light,1800,False
203776919119370752,2025-11-26,2025-11-26 03:10:30,deep,210,False
203776919119370752,2025-11-26,2025-11-26 03:12:30,wake,90,True
203776919119370752,2025-11-26,2025-11-26 03:14:00,light,2670,False
203776919119370752,2025-11-26,2025-11-26 03:28:30,wake,150,True
203776919119370752,2025-11-26,2025-11-26 03:36:30,wake,30,True
203776919119370752,2025-11-26,2025-11-26 03:58:30,rem,30,False
203776919119370752,2025-11-26,2025-11-26 03:59:00,light,30,False
203776919119370752,2025-11-26,2025-11-26 03:59:30,rem,2640,False
203776919119370752,2025-11-26,2025-11-26 04:41:00,wake,150,True
203776919119370752,2025-11-26,2025-11-26 04:43:30,light,3330,False
203776919119370752,2025-11-26,2025-11-26 05:21:30,wake,60,True
203776919119370752,2025-11-26,2025-11-26 05:24:00,wake,120,True
203776919119370752,2025-11-26,2025-11-26 05:35:00,wake,60,True
203776919119370752,2025-11-26,2025-11-26 05:37:00,wake,60,True
203776919119370752,2025-11-26,2025-11-26 05:39:00,wake,330,False
203776919119370752,2025-11-26,2025-11-26 05:44:30,light,270,False
203776919119370752,2025-11-26,2025-11-26 05:49:00,wake,930,False
7078048154032424152,2025-11-27,2025-11-26 22:05:30,wake,1110,False
7078048154032424152,2025-11-27,2025-11-26 22:24:00,light,150,False
7078048154032424152,2025-11-27,2025-11-26 22:26:30,deep,30,False
7078048154032424152,2025-11-27,2025-11-26 22:27:00,light,30,False
7078048154032424152,2025-11-27,2025-11-26 22:27:30,deep,3180,False
7078048154032424152,2025-11-27,2025-11-26 23:20:30,light,420,False
7078048154032424152,2025-11-27,2025-11-26 23:27:30,rem,1020,False
7078048154032424152,2025-11-27,2025-11-26 23:44:30,light,900,False
7078048154032424152,2025-11-27,2025-11-26 23:59:30,deep,870,False
7078048154032424152,2025-11-27,2025-11-27 00:11:00,wake,180,True
7078048154032424152,2025-11-27,2025-11-27 00:14:00,light,1770,False
7078048154032424152,2025-11-27,2025-11-27 00:43:30,deep,660,False
7078048154032424152,2025-11-27,2025-11-27 00:52:30,wake,120,True
7078048154032424152,2025-11-27,2025-11-27 00:54:30,light,1050,False
7078048154032424152,2025-11-27,2025-11-27 01:06:30,wake,150,True
7078048154032424152,2025-11-27,2025-11-27 01:12:00,rem,1920,False
7078048154032424152,2025-11-27,2025-11-27 01:44:00,light,4710,False
7078048154032424152,2025-11-27,2025-11-27 02:21:00,wake,30,True
7078048154032424152,2025-11-27,2025-11-27 02:22:00,wake,60,True
7078048154032424152,2025-11-27,2025-11-27 02:27:30,wake,90,True
7078048154032424152,2025-11-27,2025-11-27 03:02:30,rem,1920,False
7078048154032424152,2025-11-27,2025-11-27 03:33:00,wake,90,True
7078048154032424152,2025-11-27,2025-11-27 03:34:30,light,4770,False
7078048154032424152,2025-11-27,2025-11-27 04:37:00,wake,90,True
7078048154032424152,2025-11-27,2025-11-27 04:46:30,wake,60,True
7078048154032424152,2025-11-27,2025-11-27 04:54:00,rem,2340,False
7078048154032424152,2025-11-27,2025-11-27 05:28:00,wake,30,True
7078048154032424152,2025-11-27,2025-11-27 05:33:00,light,3240,False
7078048154032424152,2025-11-27,2025-11-27 05:33:30,wake,120,True
7078048154032424152,2025-11-27,2025-11-27 05:48:00,wake,90,True
7078048154032424152,2025-11-27,2025-11-27 06:18:30,wake,30,True
7078048154032424152,2025-11-27,2025-11-27 06:25:00,wake,30,True
7078048154032424152,2025-11-27,2025-11-27 06:27:00,wake,210,False
4110615048906099240,2025-11-28,2025-11-27 23:35:00,wake,690,False
4110615048906099240,2025-11-28,2025-11-27 23:46:30,light,660,False
4110615048906099240,2025-11-28,2025-11-27 23:47:00,wake,60,True
4110615048906099240,2025-11-28,2025-11-27 23:57:30,deep,2880,False
4110615048906099240,2025-11-28,2025-11-28 00:45:30,light,570,False
4110615048906099240,2025-11-28,2025-11-28 00:55:00,rem,1560,False
4110615048906099240,2025-11-28,2025-11-28 01:21:00,light,30,False
4110615048906099240,2025-11-28,2025-11-28 01:21:30,rem,60,False
4110615048906099240,2025-11-28,2025-11-28 01:22:00,wake,30,True
4110615048906099240,2025-11-28,2025-11-28 01:22:30,light,4890,False
4110615048906099240,2025-11-28,2025-11-28 01:25:00,wake,30,True
4110615048906099240,2025-11-28,2025-11-28 02:17:30,wake,30,True
4110615048906099240,2025-11-28,2025-11-28 02:18:30,wake,120,True
4110615048906099240,2025-11-28,2025-11-28 02:42:00,wake,30,True
4110615048906099240,2025-11-28,2025-11-28 02:44:00,rem,1980,False
4110615048906099240,2025-11-28,2025-11-28 03:17:00,light,3390,False
4110615048906099240,2025-11-28,2025-11-28 03:25:00,wake,30,True
4110615048906099240,2025-11-28,2025-11-28 03:43:30,wake,150,True
4110615048906099240,2025-11-28,2025-11-28 04:13:30,rem,60,False
4110615048906099240,2025-11-28,2025-11-28 04:14:30,light,120,False
4110615048906099240,2025-11-28,2025-11-28 04:16:30,rem,2670,False
4110615048906099240,2025-11-28,2025-11-28 04:33:00,wake,60,True
4110615048906099240,2025-11-28,2025-11-28 04:35:00,wake,60,True
4110615048906099240,2025-11-28,2025-11-28 04:58:00,wake,60,True
4110615048906099240,2025-11-28,2025-11-28 05:01:00,light,30,False
4110615048906099240,2025-11-28,2025-11-28 05:01:30,rem,30,False
4110615048906099240,2025-11-28,2025-11-28 05:02:00,light,60,False
4110615048906099240,2025-11-28,2025-11-28 05:03:00,rem,630,False
4110615048906099240,2025-11-28,2025-11-28 05:13:30,light,2190,False
4110615048906099240,2025-11-28,2025-11-28 05:21:00,wake,60,True
4110615048906099240,2025-11-28,2025-11-28 05:25:00,wake,150,True
4110615048906099240,2025-11-28,2025-11-28 05:50:00,wake,1260,False
2427088368932424896,2025-11-29,2025-11-28 22:38:00,wake,3030,False
2427088368932424896,2025-11-29,2025-11-28 23:28:30,light,720,False
2427088368932424896,2025-11-29,2025-11-28 23:40:30,deep,2040,False
2427088368932424896,2025-11-29,2025-11-29 00:14:30,light,660,False
2427088368932424896,2025-11-29,2025-11-29 00:25:30,deep,270,False
2427088368932424896,2025-11-29,2025-11-29 00:30:00,light,360,False
2427088368932424896,2025-11-29,2025-11-29 00:36:00,rem,1560,False
2427088368932424896,2025-11-29,2025-11-29 01:02:00,light,2100,False
2427088368932424896,2025-11-29,2025-11-29 01:03:30,wake,60,True
2427088368932424896,2025-11-29,2025-11-29 01:10:30,wake,30,True
2427088368932424896,2025-11-29,2025-11-29 01:37:00,deep,150,False
2427088368932424896,2025-11-29,2025-11-29 01:39:30,light,30,False
2427088368932424896,2025-11-29,2025-11-29 01:40:00,deep,30,False
2427088368932424896,2025-11-29,2025-11-29 01:40:30,light,2340,False
2427088368932424896,2025-11-29,2025-11-29 02:19:30,rem,30,False
2427088368932424896,2025-11-29,2025-11-29 02:20:00,light,30,False
2427088368932424896,2025-11-29,2025-11-29 02:20:30,rem,1590,False
2427088368932424896,2025-11-29,2025-11-29 02:41:30,wake,30,True
2427088368932424896,2025-11-29,2025-11-29 02:47:00,light,1830,False
2427088368932424896,2025-11-29,2025-11-29 03:17:30,deep,210,False
2427088368932424896,2025-11-29,2025-11-29 03:21:00,light,2610,False
2427088368932424896,2025-11-29,2025-11-29 03:23:00,wake,30,True
2427088368932424896,2025-11-29,2025-11-29 03:44:00,wake,90,True
2427088368932424896,2025-11-29,2025-11-29 03:59:00,wake,60,True
2427088368932424896,2025-11-29,2025-11-29 04:04:30,rem,2760,False
2427088368932424896,2025-11-29,2025-11-29 04:32:00,wake,90,True
2427088368932424896,2025-11-29,2025-11-29 04:50:30,light,30,False
2427088368932424896,2025-11-29,2025-11-29 04:51:00,rem,30,False
2427088368932424896,2025-11-29,2025-11-29 04:51:30,light,1710,False
2427088368932424896,2025-11-29,2025-11-29 05:18:30,wake,60,True
2427088368932424896,2025-11-29,2025-11-29 05:20:00,wake,210,False
2427088368932424896,2025-11-29,2025-11-29 05:23:30,light,1890,False
2427088368932424896,2025-11-29,2025-11-29 05:24:00,wake,30,True
2427088368932424896,2025-11-29,2025-11-29 05:55:00,wake,2130,False
7401106787688227864,2025-11-30,2025-11-30 00:02:00,wake,870,False
7401106787688227864,2025-11-30,2025-11-30 00:16:30,light,180,False
7401106787688227864,2025-11-30,2025-11-30 00:19:30,deep,120,False
7401106787688227864,2025-11-30,2025-11-30 00:21:30,light,150,False
7401106787688227864,2025-11-30,2025-11-30 00:24:00,deep,1050,False
7401106787688227864,2025-11-30,2025-11-30 00:41:00,wake,30,True
7401106787688227864,2025-11-30,2025-11-30 00:41:30,light,330,False
7401106787688227864,2025-11-30,2025-11-30 00:47:00,deep,1530,False
7401106787688227864,2025-11-30,2025-11-30 01:12:30,light,480,False
7401106787688227864,2025-11-30,2025-11-30 01:14:00,wake,30,True
7401106787688227864,2025-11-30,2025-11-30 01:20:30,rem,780,False
7401106787688227864,2025-11-30,2025-11-30 01:32:00,wake,90,True
7401106787688227864,2025-11-30,2025-11-30 01:33:30,light,4800,False
7401106787688227864,2025-11-30,2025-11-30 02:12:00,wake,120,True
7401106787688227864,2025-11-30,2025-11-30 02:15:00,wake,60,True
7401106787688227864,2025-11-30,2025-11-30 02:27:30,wake,30,True
7401106787688227864,2025-11-30,2025-11-30 02:30:00,wake,90,True
7401106787688227864,2025-11-30,2025-11-30 02:41:30,wake,30,True
7401106787688227864,2025-11-30,2025-11-30 02:44:30,wake,90,True
7401106787688227864,2025-11-30,2025-11-30 02:53:30,rem,3420,False
7401106787688227864,2025-11-30,2025-11-30 03:48:30,wake,120,True
7401106787688227864,2025-11-30,2025-11-30 03:50:30,light,30,False
7401106787688227864,2025-11-30,2025-11-30 03:51:00,wake,510,False
7401106787688227864,2025-11-30,2025-11-30 03:59:30,light,1470,False
7401106787688227864,2025-11-30,2025-11-30 04:00:30,wake,120,True
7401106787688227864,2025-11-30,2025-11-30 04:24:00,deep,30,False
7401106787688227864,2025-11-30,2025-11-30 04:24:30,light,60,False
7401106787688227864,2025-11-30,2025-11-30 04:25:30,deep,30,False
7401106787688227864,2025-11-30,2025-11-30 04:26:00,light,30,False
7401106787688227864,2025-11-30,2025-11-30 04:26:30,deep,30,False
7401106787688227864,2025-11-30,2025-11-30 04:27:00,light,90,False
7401106787688227864,2025-11-30,2025-11-30 04:28:30,deep,30,False
7401106787688227864,2025-11-30,2025-11-30 04:29:00,light,60,False
7401106787688227864,2025-11-30,2025-11-30 04:30:00,deep,90,False
7401106787688227864,2025-11-30,2025-11-30 04:31:30,light,30,False
7401106787688227864,2025-11-30,2025-11-30 04:32:00,deep,210,False
7401106787688227864,2025-11-30,2025-11-30 04:35:30,light,960,False
7401106787688227864,2025-11-30,2025-11-30 04:37:30,wake,90,True
7401106787688227864,2025-11-30,2025-11-30 04:51:30,rem,60,False
7401106787688227864,2025-11-30,2025-11-30 04:52:30,light,210,False
7401106787688227864,2025-11-30,2025-11-30 04:53:30,wake,60,True
7401106787688227864,2025-11-30,2025-11-30 04:55:00,wake,30,True
7401106787688227864,2025-11-30,2025-11-30 04:56:00,wake,420,False
7401106787688227864,2025-11-30,2025-11-30 05:03:00,light,60,False
7401106787688227864,2025-11-30,2025-11-30 05:04:00,wake,480,False
7401106787688227864,2025-11-30,2025-11-30 05:12:00,light,360,False
7401106787688227864,2025-11-30,2025-11-30 05:16:30,wake,60,True
7401106787688227864,2025-11-30,2025-11-30 05:18:00,wake,1650,False
207079427410283840,2025-12-01,2025-11-30 23:48:30,wake,1110,False
207079427410283840,2025-12-01,2025-12-01 00:07:00,light,510,False
207079427410283840,2025-12-01,2025-12-01 00:07:30,wake,30,True
207079427410283840,2025-12-01,2025-12-01 00:15:30,deep,2460,False
207079427410283840,2025-12-01,2025-12-01 00:56:30,light,180,False
207079427410283840,2025-12-01,2025-12-01 00:59:30,rem,30,False
207079427410283840,2025-12-01,2025-12-01 01:00:00,light,30,False
207079427410283840,2025-12-01,2025-12-01 01:00:30,rem,1140,False
207079427410283840,2025-12-01,2025-12-01 01:18:30,wake,60,True
207079427410283840,2025-12-01,2025-12-01 01:19:30,light,1140,False
207079427410283840,2025-12-01,2025-12-01 01:38:30,deep,60,False
207079427410283840,2025-12-01,2025-12-01 01:39:30,light,30,False
207079427410283840,2025-12-01,2025-12-01 01:40:00,deep,1260,False
207079427410283840,2025-12-01,2025-12-01 01:58:00,wake,180,True
207079427410283840,2025-12-01,2025-12-01 02:01:00,light,2850,False
207079427410283840,2025-12-01,2025-12-01 02:16:00,wake,90,True
207079427410283840,2025-12-01,2025-12-01 02:42:00,wake,90,True
207079427410283840,2025-12-01,2025-12-01 02:48:30,rem,30,False
207079427410283840,2025-12-01,2025-12-01 02:49:00,light,30,False
207079427410283840,2025-12-01,2025-12-01 02:49:30,rem,2730,False
207079427410283840,2025-12-01,2025-12-01 03:33:00,wake,120,True
207079427410283840,2025-12-01,2025-12-01 03:35:00,light,2040,False
207079427410283840,2025-12-01,2025-12-01 04:09:00,deep,90,False
207079427410283840,2025-12-01,2025-12-01 04:10:30,light,2820,False
207079427410283840,2025-12-01,2025-12-01 04:11:30,wake,30,True
207079427410283840,2025-12-01,2025-12-01 04:32:30,wake,30,True
207079427410283840,2025-12-01,2025-12-01 04:36:00,wake,60,True
207079427410283840,2025-12-01,2025-12-01 04:37:30,wake,90,True
207079427410283840,2025-12-01,2025-12-01 04:57:30,wake,1110,False
207079427410283840,2025-12-01,2025-12-01 05:16:00,light,30,False
207079427410283840,2025-12-01,2025-12-01 05:16:30,wake,420,False
207079427410283840,2025-12-01,2025-12-01 05:23:30,light,120,False
207079427410283840,2025-12-01,2025-12-01 05:25:30,wake,300,False
207079427410283840,2025-12-01,2025-12-01 05:30:30,light,1650,False
207079427410283840,2025-12-01,2025-12-01 05:32:30,wake,150,True
207079427410283840,2025-12-01,2025-12-01 05:42:00,wake,30,True
207079427410283840,2025-12-01,2025-12-01 05:47:30,wake,60,True
207079427410283840,2025-12-01,2025-12-01 05:52:00,wake,60,True
207079427410283840,2025-12-01,2025-12-01 05:58:00,rem,30,False
207079427410283840,2025-12-01,2025-12-01 05:58:30,light,60,False
207079427410283840,2025-12-01,2025-12-01 05:59:30,rem,30,False
207079427410283840,2025-12-01,2025-12-01 06:00:00,light,120,False
207079427410283840,2025-12-01,2025-12-01 06:02:00,wake,210,False
207079427410283840,2025-12-01,2025-12-01 06:05:30,light,150,False
207079427410283840,2025-12-01,2025-12-01 06:08:00,rem,60,False
207079427410283840,2025-12-01,2025-12-01 06:09:00,light,90,False
207079427410283840,2025-12-01,2025-12-01 06:10:30,rem,420,False
207079427410283840,2025-12-01,2025-12-01 06:15:00,wake,90,True
207079427410283840,2025-12-01,2025-12-01 06:17:30,wake,1110,False
2224970777099576752,2025-12-02,2025-12-01 22:33:30,wake,3870,False
2224970777099576752,2025-12-02,2025-12-01 23:38:00,light,1410,False
2224970777099576752,2025-12-02,2025-12-02 00:01:30,deep,960,False
2224970777099576752,2025-12-02,2025-12-02 00:17:30,light,150,False
2224970777099576752,2025-12-02,2025-12-02 00:20:00,deep,450,False
2224970777099576752,2025-12-02,2025-12-02 00:27:30,light,270,False
2224970777099576752,2025-12-02,2025-12-02 00:32:00,rem,1530,False
2224970777099576752,2025-12-02,2025-12-02 00:57:30,light,1380,False
2224970777099576752,2025-12-02,2025-12-02 01:20:30,deep,30,False
2224970777099576752,2025-12-02,2025-12-02 01:21:00,light,60,False
2224970777099576752,2025-12-02,2025-12-02 01:22:00,deep,120,False
2224970777099576752,2025-12-02,2025-12-02 01:24:00,light,30,False
2224970777099576752,2025-12-02,2025-12-02 01:24:30,deep,60,False
2224970777099576752,2025-12-02,2025-12-02 01:25:30,light,120,False
2224970777099576752,2025-12-02,2025-12-02 01:27:30,deep,90,False
2224970777099576752,2025-12-02,2025-12-02 01:29:00,light,60,False
2224970777099576752,2025-12-02,2025-12-02 01:30:00,deep,30,False
2224970777099576752,2025-12-02,2025-12-02 01:30:30,light,60,False
2224970777099576752,2025-12-02,2025-12-02 01:31:30,deep,90,False
2224970777099576752,2025-12-02,2025-12-02 01:33:00,light,30,False
2224970777099576752,2025-12-02,2025-12-02 01:33:30,deep,330,False
2224970777099576752,2025-12-02,2025-12-02 01:36:30,wake,150,True
2224970777099576752,2025-12-02,2025-12-02 01:39:00,light,1080,False
2224970777099576752,2025-12-02,2025-12-02 01:57:00,deep,30,False
2224970777099576752,2025-12-02,2025-12-02 01:57:30,light,3420,False
2224970777099576752,2025-12-02,2025-12-02 01:58:30,wake,90,True
2224970777099576752,2025-12-02,2025-12-02 02:09:00,wake,120,True
2224970777099576752,2025-12-02,2025-12-02 02:53:30,wake,30,True
2224970777099576752,2025-12-02,2025-12-02 02:54:30,rem,1890,False
2224970777099576752,2025-12-02,2025-12-02 03:23:00,wake,30,True
2224970777099576752,2025-12-02,2025-12-02 03:26:00,light,2610,False
2224970777099576752,2025-12-02,2025-12-02 03:26:30,wake,30,True
2224970777099576752,2025-12-02,2025-12-02 04:09:30,deep,30,False
2224970777099576752,2025-12-02,2025-12-02 04:10:00,light,840,False
2224970777099576752,2025-12-02,2025-12-02 04:11:30,wake,60,True
2224970777099576752,2025-12-02,2025-12-02 04:18:30,wake,30,True
2224970777099576752,2025-12-02,2025-12-02 04:19:30,wake,30,True
2224970777099576752,2025-12-02,2025-12-02 04:21:30,wake,120,True
2224970777099576752,2025-12-02,2025-12-02 04:24:00,wake,510,False
2224970777099576752,2025-12-02,2025-12-02 04:32:30,light,600,False
2224970777099576752,2025-12-02,2025-12-02 04:33:00,wake,30,True
2224970777099576752,2025-12-02,2025-12-02 04:42:30,rem,330,False
2224970777099576752,2025-12-02,2025-12-02 04:48:00,wake,210,False
2224970777099576752,2025-12-02,2025-12-02 04:51:30,rem,1920,False
2224970777099576752,2025-12-02,2025-12-02 04:52:30,wake,150,True
2224970777099576752,2025-12-02,2025-12-02 04:56:30,wake,60,True
2224970777099576752,2025-12-02,2025-12-02 04:59:00,wake,150,True
2224970777099576752,2025-12-02,2025-12-02 05:05:00,wake,60,True
2224970777099576752,2025-12-02,2025-12-02 05:21:00,wake,150,True
2224970777099576752,2025-12-02,2025-12-02 05:23:30,light,1620,False
2224970777099576752,2025-12-02,2025-12-02 05:50:30,deep,30,False
2224970777099576752,2025-12-02,2025-12-02 05:51:00,light,240,False
2224970777099576752,2025-12-02,2025-12-02 05:55:00,deep,180,False
2224970777099576752,2025-12-02,2025-12-02 05:55:30,wake,150,True
2224970777099576752,2025-12-02,2025-12-02 05:58:00,light,630,False
2224970777099576752,2025-12-02,2025-12-02 05:58:30,wake,180,True
2224970777099576752,2025-12-02,2025-12-02 06:08:30,wake,1500,False
3075135350875146136,2025-12-03,2025-12-02 22:46:00,wake,390,False
3075135350875146136,2025-12-03,2025-12-02 22:52:30,light,1500,False
3075135350875146136,2025-12-03,2025-12-02 23:07:30,wake,90,True
3075135350875146136,2025-12-03,2025-12-02 23:17:30,deep,1170,False
3075135350875146136,2025-12-03,2025-12-02 23:37:00,light,300,False
3075135350875146136,2025-12-03,2025-12-02 23:42:00,rem,60,False
3075135350875146136,2025-12-03,2025-12-02 23:43:00,light,30,False
3075135350875146136,2025-12-03,2025-12-02 23:43:30,rem,1290,False
3075135350875146136,2025-12-03,2025-12-03 00:05:00,light,1200,False
3075135350875146136,2025-12-03,2025-12-03 00:13:00,wake,60,True
3075135350875146136,2025-12-03,2025-12-03 00:25:00,deep,90,False
3075135350875146136,2025-12-03,2025-12-03 00:26:30,light,90,False
3075135350875146136,2025-12-03,2025-12-03 00:28:00,deep,1050,False
3075135350875146136,2025-12-03,2025-12-03 00:44:00,wake,90,True
3075135350875146136,2025-12-03,2025-12-03 00:45:30,light,3000,False
3075135350875146136,2025-12-03,2025-12-03 00:52:30,wake,120,True
3075135350875146136,2025-12-03,2025-12-03 01:08:00,wake,60,True
3075135350875146136,2025-12-03,2025-12-03 01:26:00,wake,120,True
3075135350875146136,2025-12-03,2025-12-03 01:35:30,rem,2700,False
3075135350875146136,2025-12-03,2025-12-03 02:20:30,wake,390,False
3075135350875146136,2025-12-03,2025-12-03 02:27:00,light,1710,False
3075135350875146136,2025-12-03,2025-12-03 02:55:30,deep,90,False
3075135350875146136,2025-12-03,2025-12-03 02:57:00,light,30,False
3075135350875146136,2025-12-03,2025-12-03 02:57:30,deep,30,False
3075135350875146136,2025-12-03,2025-12-03 02:58:00,light,30,False
3075135350875146136,2025-12-03,2025-12-03 02:58:30,deep,30,False
3075135350875146136,2025-12-03,2025-12-03 02:59:00,light,60,False
3075135350875146136,2025-12-03,2025-12-03 03:00:00,deep,870,False
3075135350875146136,2025-12-03,2025-12-03 03:14:30,light,30,False
3075135350875146136,2025-12-03,2025-12-03 03:15:00,deep,120,False
3075135350875146136,2025-12-03,2025-12-03 03:17:00,light,30,False
3075135350875146136,2025-12-03,2025-12-03 03:17:30,deep,30,False
3075135350875146136,2025-12-03,2025-12-03 03:18:00,light,30,False
3075135350875146136,2025-12-03,2025-12-03 03:18:30,deep,390,False
3075135350875146136,2025-12-03,2025-12-03 03:24:00,wake,60,True
3075135350875146136,2025-12-03,2025-12-03 03:25:00,light,1680,False
3075135350875146136,2025-12-03,2025-12-03 03:47:30,wake,60,True
3075135350875146136,2025-12-03,2025-12-03 03:53:00,rem,30,False
3075135350875146136,2025-12-03,2025-12-03 03:53:30,light,30,False
3075135350875146136,2025-12-03,2025-12-03 03:54:00,rem,1260,False
3075135350875146136,2025-12-03,2025-12-03 04:03:00,wake,60,True
3075135350875146136,2025-12-03,2025-12-03 04:12:00,wake,150,True
3075135350875146136,2025-12-03,2025-12-03 04:15:00,light,3510,False
3075135350875146136,2025-12-03,2025-12-03 04:39:00,wake,90,True
3075135350875146136,2025-12-03,2025-12-03 05:11:00,wake,90,True
3075135350875146136,2025-12-03,2025-12-03 05:13:30,rem,30,False
3075135350875146136,2025-12-03,2025-12-03 05:14:00,light,30,False
3075135350875146136,2025-12-03,2025-12-03 05:14:30,rem,60,False
3075135350875146136,2025-12-03,2025-12-03 05:15:30,light,30,False
3075135350875146136,2025-12-03,2025-12-03 05:16:00,rem,1500,False
3075135350875146136,2025-12-03,2025-12-03 05:21:00,wake,30,True
3075135350875146136,2025-12-03,2025-12-03 05:41:00,light,240,False
3075135350875146136,2025-12-03,2025-12-03 05:41:30,wake,60,True
3075135350875146136,2025-12-03,2025-12-03 05:45:00,rem,60,False
3075135350875146136,2025-12-03,2025-12-03 05:46:00,light,810,False
3075135350875146136,2025-12-03,2025-12-03 05:59:30,wake,420,False
3075135350875146136,2025-12-03,2025-12-03 06:06:30,light,90,False
3075135350875146136,2025-12-03,2025-12-03 06:08:00,wake,1050,False
5332039849224295840,2025-12-04,2025-12-03 22:11:00,wake,330,False
5332039849224295840,2025-12-04,2025-12-03 22:16:30,light,1080,False
5332039849224295840,2025-12-04,2025-12-03 22:19:00,wake,120,True
5332039849224295840,2025-12-04,2025-12-03 22:34:30,deep,1410,False
5332039849224295840,2025-12-04,2025-12-03 22:58:00,light,1200,False
5332039849224295840,2025-12-04,2025-12-03 23:12:30,wake,30,True
5332039849224295840,2025-12-04,2025-12-03 23:18:00,rem,30,False
5332039849224295840,2025-12-04,2025-12-03 23:18:30,light,30,False
5332039849224295840,2025-12-04,2025-12-03 23:19:00,rem,1650,False
5332039849224295840,2025-12-04,2025-12-03 23:46:30,light,30,False
5332039849224295840,2025-12-04,2025-12-03 23:47:00,rem,30,False
5332039849224295840,2025-12-04,2025-12-03 23:47:30,light,1200,False
5332039849224295840,2025-12-04,2025-12-04 00:07:30,deep,1620,False
5332039849224295840,2025-12-04,2025-12-04 00:33:30,wake,60,True
5332039849224295840,2025-12-04,2025-12-04 00:34:30,light,3990,False
5332039849224295840,2025-12-04,2025-12-04 00:35:00,wake,30,True
5332039849224295840,2025-12-04,2025-12-04 01:08:30,wake,150,True
5332039849224295840,2025-12-04,2025-12-04 01:23:00,wake,150,True
5332039849224295840,2025-12-04,2025-12-04 01:41:00,wake,210,False
5332039849224295840,2025-12-04,2025-12-04 01:44:30,light,540,False
5332039849224295840,2025-12-04,2025-12-04 01:48:00,wake,60,True
5332039849224295840,2025-12-04,2025-12-04 01:53:30,wake,240,False
5332039849224295840,2025-12-04,2025-12-04 01:57:30,light,330,False
5332039849224295840,2025-12-04,2025-12-04 02:03:00,wake,810,False
5332039849224295840,2025-12-04,2025-12-04 02:16:30,light,60,False
5332039849224295840,2025-12-04,2025-12-04 02:17:30,wake,360,False
5332039849224295840,2025-12-04,2025-12-04 02:23:30,light,750,False
5332039849224295840,2025-12-04,2025-12-04 02:36:00,wake,300,False
5332039849224295840,2025-12-04,2025-12-04 02:41:00,light,2370,False
5332039849224295840,2025-12-04,2025-12-04 02:42:00,wake,30,True
5332039849224295840,2025-12-04,2025-12-04 02:57:30,wake,120,True
5332039849224295840,2025-12-04,2025-12-04 03:20:30,rem,30,False
5332039849224295840,2025-12-04,2025-12-04 03:21:00,light,30,False
5332039849224295840,2025-12-04,2025-12-04 03:21:30,rem,2940,False
5332039849224295840,2025-12-04,2025-12-04 03:27:30,wake,60,True
5332039849224295840,2025-12-04,2025-12-04 04:08:00,wake,150,True
5332039849224295840,2025-12-04,2025-12-04 04:10:30,light,4560,False
5332039849224295840,2025-12-04,2025-12-04 04:39:30,wake,60,True
5332039849224295840,2025-12-04,2025-12-04 05:24:30,wake,30,True
5332039849224295840,2025-12-04,2025-12-04 05:26:30,rem,2070,False
5332039849224295840,2025-12-04,2025-12-04 05:50:00,wake,60,True
5332039849224295840,2025-12-04,2025-12-04 06:01:00,light,90,False
5332039849224295840,2025-12-04,2025-12-04 06:02:30,rem,30,False
5332039849224295840,2025-12-04,2025-12-04 06:03:00,light,1080,False
5332039849224295840,2025-12-04,2025-12-04 06:12:00,wake,30,True
5332039849224295840,2025-12-04,2025-12-04 06:21:00,wake,750,False
410359720835387784,2025-12-05,2025-12-04 22:46:30,wake,750,False
410359720835387784,2025-12-05,2025-12-04 22:59:00,light,1140,False
410359720835387784,2025-12-05,2025-12-04 22:59:30,wake,30,True
410359720835387784,2025-12-05,2025-12-04 23:18:00,deep,90,False
410359720835387784,2025-12-05,2025-12-04 23:19:30,light,90,False
410359720835387784,2025-12-05,2025-12-04 23:21:00,deep,30,False
410359720835387784,2025-12-05,2025-12-04 23:21:30,light,60,False
410359720835387784,2025-12-05,2025-12-04 23:22:30,deep,1560,False
410359720835387784,2025-12-05,2025-12-04 23:48:30,light,510,False
410359720835387784,2025-12-05,2025-12-04 23:57:00,rem,180,False
410359720835387784,2025-12-05,2025-12-05 00:00:00,light,30,False
410359720835387784,2025-12-05,2025-12-05 00:00:30,rem,30,False
410359720835387784,2025-12-05,2025-12-05 00:01:00,light,150,False
410359720835387784,2025-12-05,2025-12-05 00:01:30,wake,30,True
410359720835387784,2025-12-05,2025-12-05 00:03:30,rem,1200,False
410359720835387784,2025-12-05,2025-12-05 00:23:30,light,30,False
410359720835387784,2025-12-05,2025-12-05 00:24:00,rem,30,False
410359720835387784,2025-12-05,2025-12-05 00:24:30,light,1260,False
410359720835387784,2025-12-05,2025-12-05 00:31:30,wake,30,True
410359720835387784,2025-12-05,2025-12-05 00:33:00,wake,60,True
410359720835387784,2025-12-05,2025-12-05 00:45:30,deep,720,False
410359720835387784,2025-12-05,2025-12-05 00:57:30,light,4980,False
410359720835387784,2025-12-05,2025-12-05 01:12:00,wake,30,True
410359720835387784,2025-12-05,2025-12-05 01:14:00,wake,30,True
410359720835387784,2025-12-05,2025-12-05 02:00:00,wake,120,True
410359720835387784,2025-12-05,2025-12-05 02:20:30,rem,270,False
410359720835387784,2025-12-05,2025-12-05 02:25:00,wake,210,False
410359720835387784,2025-12-05,2025-12-05 02:28:30,light,60,False
410359720835387784,2025-12-05,2025-12-05 02:29:00,wake,30,True
410359720835387784,2025-12-05,2025-12-05 02:29:30,rem,330,False
410359720835387784,2025-12-05,2025-12-05 02:30:30,wake,30,True
410359720835387784,2025-12-05,2025-12-05 02:32:00,wake,30,True
410359720835387784,2025-12-05,2025-12-05 02:33:00,wake,120,True
410359720835387784,2025-12-05,2025-12-05 02:35:00,light,180,False
410359720835387784,2025-12-05,2025-12-05 02:35:30,wake,30,True
410359720835387784,2025-12-05,2025-12-05 02:38:00,rem,60,False
410359720835387784,2025-12-05,2025-12-05 02:39:00,light,60,False
410359720835387784,2025-12-05,2025-12-05 02:40:00,rem,150,False
410359720835387784,2025-12-05,2025-12-05 02:42:30,light,30,False
410359720835387784,2025-12-05,2025-12-05 02:43:00,rem,2280,False
410359720835387784,2025-12-05,2025-12-05 02:58:00,wake,30,True
410359720835387784,2025-12-05,2025-12-05 02:59:00,wake,30,True
410359720835387784,2025-12-05,2025-12-05 03:01:00,wake,60,True
410359720835387784,2025-12-05,2025-12-05 03:21:00,light,30,False
410359720835387784,2025-12-05,2025-12-05 03:21:30,rem,30,False
410359720835387784,2025-12-05,2025-12-05 03:22:00,light,1140,False
410359720835387784,2025-12-05,2025-12-05 03:41:00,deep,30,False
410359720835387784,2025-12-05,2025-12-05 03:41:30,light,30,False
410359720835387784,2025-12-05,2025-12-05 03:42:00,deep,1110,False
410359720835387784,2025-12-05,2025-12-05 03:59:30,wake,60,True
410359720835387784,2025-12-05,2025-12-05 04:00:30,light,3060,False
410359720835387784,2025-12-05,2025-12-05 04:05:30,wake,30,True
410359720835387784,2025-12-05,2025-12-05 04:12:00,wake,120,True
410359720835387784,2025-12-05,2025-12-05 04:15:30,wake,150,True
410359720835387784,2025-12-05,2025-12-05 04:29:00,wake,120,True
410359720835387784,2025-12-05,2025-12-05 04:51:30,rem,60,False
410359720835387784,2025-12-05,2025-12-05 04:52:30,light,60,False
410359720835387784,2025-12-05,2025-12-05 04:53:30,rem,2010,False
410359720835387784,2025-12-05,2025-12-05 05:27:00,wake,240,False
410359720835387784,2025-12-05,2025-12-05 05:31:00,light,2610,False
410359720835387784,2025-12-05,2025-12-05 05:32:30,wake,30,True
410359720835387784,2025-12-05,2025-12-05 05:33:30,wake,30,True
410359720835387784,2025-12-05,2025-12-05 06:12:30,wake,30,True
410359720835387784,2025-12-05,2025-12-05 06:14:30,wake,630,False
3775713410904469976,2025-12-06,2025-12-05 23:01:00,wake,930,False
3775713410904469976,2025-12-06,2025-12-05 23:16:30,light,750,False
3775713410904469976,2025-12-06,2025-12-05 23:29:00,deep,420,False
3775713410904469976,2025-12-06,2025-12-05 23:36:00,light,90,False
3775713410904469976,2025-12-06,2025-12-05 23:36:30,wake,60,True
3775713410904469976,2025-12-06,2025-12-05 23:37:30,deep,60,False
3775713410904469976,2025-12-06,2025-12-05 23:38:30,light,30,False
3775713410904469976,2025-12-06,2025-12-05 23:39:00,deep,30,False
3775713410904469976,2025-12-06,2025-12-05 23:39:30,light,180,False
3775713410904469976,2025-12-06,2025-12-05 23:42:30,deep,1590,False
3775713410904469976,2025-12-06,2025-12-06 00:09:00,light,240,False
3775713410904469976,2025-12-06,2025-12-06 00:13:00,rem,30,False
3775713410904469976,2025-12-06,2025-12-06 00:13:30,light,30,False
3775713410904469976,2025-12-06,2025-12-06 00:14:00,rem,780,False
3775713410904469976,2025-12-06,2025-12-06 00:27:00,light,1350,False
3775713410904469976,2025-12-06,2025-12-06 00:30:30,wake,60,True
3775713410904469976,2025-12-06,2025-12-06 00:49:30,deep,90,False
3775713410904469976,2025-12-06,2025-12-06 00:51:00,light,30,False
3775713410904469976,2025-12-06,2025-12-06 00:51:30,deep,30,False
3775713410904469976,2025-12-06,2025-12-06 00:52:00,light,30,False
3775713410904469976,2025-12-06,2025-12-06 00:52:30,deep,1050,False
3775713410904469976,2025-12-06,2025-12-06 01:10:00,light,60,False
3775713410904469976,2025-12-06,2025-12-06 01:11:00,deep,120,False
3775713410904469976,2025-12-06,2025-12-06 01:13:00,light,60,False
3775713410904469976,2025-12-06,2025-12-06 01:14:00,deep,30,False
3775713410904469976,2025-12-06,2025-12-06 01:14:30,light,2970,False
3775713410904469976,2025-12-06,2025-12-06 01:20:00,wake,150,True
3775713410904469976,2025-12-06,2025-12-06 01:50:00,wake,30,True
3775713410904469976,2025-12-06,2025-12-06 01:51:00,wake,120,True
3775713410904469976,2025-12-06,2025-12-06 02:04:00,rem,2190,False
3775713410904469976,2025-12-06,2025-12-06 02:40:30,light,60,False
3775713410904469976,2025-12-06,2025-12-06 02:41:30,rem,60,False
3775713410904469976,2025-12-06,2025-12-06 02:42:30,light,3090,False
3775713410904469976,2025-12-06,2025-12-06 02:51:30,wake,60,True
3775713410904469976,2025-12-06,2025-12-06 03:34:00,deep,30,False
3775713410904469976,2025-12-06,2025-12-06 03:34:30,light,1620,False
3775713410904469976,2025-12-06,2025-12-06 03:38:00,wake,90,True
3775713410904469976,2025-12-06,2025-12-06 03:46:30,wake,60,True
3775713410904469976,2025-12-06,2025-12-06 03:58:30,wake,30,True
3775713410904469976,2025-12-06,2025-12-06 03:59:30,wake,120,True
3775713410904469976,2025-12-06,2025-12-06 04:01:30,rem,1890,False
3775713410904469976,2025-12-06,2025-12-06 04:31:30,wake,90,True
3775713410904469976,2025-12-06,2025-12-06 04:33:00,light,2460,False
3775713410904469976,2025-12-06,2025-12-06 05:14:00,wake,960,False
1849968311447151584,2025-12-07,2025-12-06 22:15:00,wake,150,True
1849968311447151584,2025-12-07,2025-12-06 22:18:00,wake,60,True
1849968311447151584,2025-12-07,2025-12-06 22:19:30,wake,30,True
1849968311447151584,2025-12-07,2025-12-06 22:26:00,deep,3030,False
1849968311447151584,2025-12-07,2025-12-06 23:16:00,wake,30,True
1849968311447151584,2025-12-07,2025-12-06 23:16:30,light,1230,False
1849968311447151584,2025-12-07,2025-12-06 23:17:30,wake,30,True
1849968311447151584,2025-12-07,2025-12-06 23:37:00,rem,1650,False
1849968311447151584,2025-12-07,2025-12-07 00:04:30,light,1890,False
1849968311447151584,2025-12-07,2025-12-07 00:36:00,wake,240,False
1849968311447151584,2025-12-07,2025-12-07 00:40:00,light,3600,False
1849968311447151584,2025-12-07,2025-12-07 00:42:00,wake,90,True
1849968311447151584,2025-12-07,2025-12-07 00:59:00,wake,30,True
1849968311447151584,2025-12-07,2025-12-07 01:21:00,wake,120,True
1849968311447151584,2025-12-07,2025-12-07 01:23:30,wake,120,True
1849968311447151584,2025-12-07,2025-12-07 01:27:00,wake,30,True
1849968311447151584,2025-12-07,2025-12-07 01:33:00,wake,60,True
1849968311447151584,2025-12-07,2025-12-07 01:40:00,rem,1950,False
1849968311447151584,2025-12-07,2025-12-07 02:12:30,light,4380,False
1849968311447151584,2025-12-07,2025-12-07 02:13:00,wake,30,True
1849968311447151584,2025-12-07,2025-12-07 02:41:30,wake,120,True
1849968311447151584,2025-12-07,2025-12-07 02:47:30,wake,90,True
1849968311447151584,2025-12-07,2025-12-07 03:13:30,wake,30,True
1849968311447151584,2025-12-07,2025-12-07 03:25:30,rem,960,False
1849968311447151584,2025-12-07,2025-12-07 03:41:30,light,150,False
1849968311447151584,2025-12-07,2025-12-07 03:44:00,rem,1110,False
1849968311447151584,2025-12-07,2025-12-07 04:02:30,light,30,False
1849968311447151584,2025-12-07,2025-12-07 04:03:00,rem,240,False
1849968311447151584,2025-12-07,2025-12-07 04:05:30,wake,90,True
1849968311447151584,2025-12-07,2025-12-07 04:07:00,light,150,False
1849968311447151584,2025-12-07,2025-12-07 04:09:30,rem,150,False
1849968311447151584,2025-12-07,2025-12-07 04:12:00,light,330,False
1849968311447151584,2025-12-07,2025-12-07 04:14:30,wake,180,True
1849968311447151584,2025-12-07,2025-12-07 04:17:30,rem,150,False
1849968311447151584,2025-12-07,2025-12-07 04:20:00,light,2400,False
1849968311447151584,2025-12-07,2025-12-07 04:22:00,wake,90,True
1849968311447151584,2025-12-07,2025-12-07 04:24:00,wake,30,True
1849968311447151584,2025-12-07,2025-12-07 04:25:30,wake,60,True
1849968311447151584,2025-12-07,2025-12-07 04:30:00,wake,30,True
1849968311447151584,2025-12-07,2025-12-07 04:32:30,wake,90,True
1849968311447151584,2025-12-07,2025-12-07 05:00:00,wake,240,False
1849968311447151584,2025-12-07,2025-12-07 05:04:00,light,240,False
1849968311447151584,2025-12-07,2025-12-07 05:04:30,wake,60,True
1849968311447151584,2025-12-07,2025-12-07 05:08:00,wake,840,False
1160459751190835336,2025-12-08,2025-12-07 23:42:30,wake,330,False
1160459751190835336,2025-12-08,2025-12-07 23:48:00,light,570,False
1160459751190835336,2025-12-08,2025-12-07 23:57:30,deep,1860,False
1160459751190835336,2025-12-08,2025-12-08 00:26:30,wake,120,True
1160459751190835336,2025-12-08,2025-12-08 00:28:30,light,840,False
1160459751190835336,2025-12-08,2025-12-08 00:42:30,deep,90,False
1160459751190835336,2025-12-08,2025-12-08 00:44:00,light,240,False
1160459751190835336,2025-12-08,2025-12-08 00:45:30,wake,90,True
1160459751190835336,2025-12-08,2025-12-08 00:48:00,wake,210,False
1160459751190835336,2025-12-08,2025-12-08 00:51:30,light,900,False
1160459751190835336,2025-12-08,2025-12-08 01:06:30,rem,1860,False
1160459751190835336,2025-12-08,2025-12-08 01:37:30,light,30,False
1160459751190835336,2025-12-08,2025-12-08 01:38:00,rem,210,False
1160459751190835336,2025-12-08,2025-12-08 01:41:30,light,1290,False
1160459751190835336,2025-12-08,2025-12-08 02:03:00,deep,90,False
1160459751190835336,2025-12-08,2025-12-08 02:04:30,light,3060,False
1160459751190835336,2025-12-08,2025-12-08 02:06:00,wake,30,True
1160459751190835336,2025-12-08,2025-12-08 02:21:00,wake,60,True
1160459751190835336,2025-12-08,2025-12-08 02:48:30,wake,90,True
1160459751190835336,2025-12-08,2025-12-08 02:55:30,rem,3180,False
1160459751190835336,2025-12-08,2025-12-08 03:26:00,wake,30,True
1160459751190835336,2025-12-08,2025-12-08 03:47:30,wake,60,True
1160459751190835336,2025-12-08,2025-12-08 03:48:30,light,4230,False
1160459751190835336,2025-12-08,2025-12-08 04:34:00,wake,30,True
1160459751190835336,2025-12-08,2025-12-08 04:45:30,wake,120,True
1160459751190835336,2025-12-08,2025-12-08 04:58:00,wake,60,True
1160459751190835336,2025-12-08,2025-12-08 04:59:00,rem,90,False
1160459751190835336,2025-12-08,2025-12-08 04:59:30,wake,30,True
1160459751190835336,2025-12-08,2025-12-08 05:00:30,light,60,False
1160459751190835336,2025-12-08,2025-12-08 05:01:30,rem,2100,False
1160459751190835336,2025-12-08,2025-12-08 05:19:00,wake,60,True
1160459751190835336,2025-12-08,2025-12-08 05:36:30,light,2310,False
1160459751190835336,2025-12-08,2025-12-08 05:59:00,wake,60,True
1160459751190835336,2025-12-08,2025-12-08 06:15:00,wake,900,False
665857912056376000,2025-12-09,2025-12-08 22:25:30,wake,2610,False
665857912056376000,2025-12-09,2025-12-08 23:09:00,light,210,False
665857912056376000,2025-12-09,2025-12-08 23:11:30,wake,30,True
665857912056376000,2025-12-09,2025-12-08 23:12:30,wake,2250,False
665857912056376000,2025-12-09,2025-12-08 23:50:00,light,1200,False
665857912056376000,2025-12-09,2025-12-09 00:10:00,rem,2190,False
665857912056376000,2025-12-09,2025-12-09 00:44:00,wake,30,True
665857912056376000,2025-12-09,2025-12-09 00:45:00,wake,90,True
665857912056376000,2025-12-09,2025-12-09 00:46:30,light,2010,False
665857912056376000,2025-12-09,2025-12-09 01:20:00,deep,1170,False
665857912056376000,2025-12-09,2025-12-09 01:36:30,wake,180,True
665857912056376000,2025-12-09,2025-12-09 01:39:30,light,3330,False
665857912056376000,2025-12-09,2025-12-09 01:51:30,wake,30,True
665857912056376000,2025-12-09,2025-12-09 02:08:30,wake,90,True
665857912056376000,2025-12-09,2025-12-09 02:35:00,rem,1680,False
665857912056376000,2025-12-09,2025-12-09 02:59:30,wake,60,True
665857912056376000,2025-12-09,2025-12-09 03:03:00,light,5190,False
665857912056376000,2025-12-09,2025-12-09 03:18:00,wake,60,True
665857912056376000,2025-12-09,2025-12-09 04:00:30,wake,120,True
665857912056376000,2025-12-09,2025-12-09 04:04:00,wake,30,True
665857912056376000,2025-12-09,2025-12-09 04:11:30,wake,150,True
665857912056376000,2025-12-09,2025-12-09 04:14:30,wake,30,True
665857912056376000,2025-12-09,2025-12-09 04:29:30,rem,1950,False
665857912056376000,2025-12-09,2025-12-09 04:47:30,wake,120,True
665857912056376000,2025-12-09,2025-12-09 05:02:00,wake,750,False
665857912056376000,2025-12-09,2025-12-09 05:14:30,light,2760,False
665857912056376000,2025-12-09,2025-12-09 05:54:30,wake,30,True
665857912056376000,2025-12-09,2025-12-09 06:00:30,wake,720,False
8030723698774219112,2025-12-10,2025-12-09 22:10:30,wake,1770,False
8030723698774219112,2025-12-10,2025-12-09 22:40:00,light,660,False
8030723698774219112,2025-12-10,2025-12-09 22:51:00,deep,2430,False
8030723698774219112,2025-12-10,2025-12-09 23:31:00,wake,30,True
8030723698774219112,2025-12-10,2025-12-09 23:31:30,light,600,False
8030723698774219112,2025-12-10,2025-12-09 23:41:30,rem,1230,False
8030723698774219112,2025-12-10,2025-12-10 00:02:00,light,120,False
8030723698774219112,2025-12-10,2025-12-10 00:04:00,rem,60,False
8030723698774219112,2025-12-10,2025-12-10 00:05:00,light,1470,False
8030723698774219112,2025-12-10,2025-12-10 00:07:00,wake,30,True
8030723698774219112,2025-12-10,2025-12-10 00:29:30,deep,30,False
8030723698774219112,2025-12-10,2025-12-10 00:30:00,light,540,False
8030723698774219112,2025-12-10,2025-12-10 00:39:00,deep,450,False
8030723698774219112,2025-12-10,2025-12-10 00:46:30,light,1980,False
8030723698774219112,2025-12-10,2025-12-10 00:52:00,wake,30,True
8030723698774219112,2025-12-10,2025-12-10 01:07:00,wake,150,True
8030723698774219112,2025-12-10,2025-12-10 01:11:30,wake,90,True
8030723698774219112,2025-12-10,2025-12-10 01:19:30,rem,2130,False
8030723698774219112,2025-12-10,2025-12-10 01:55:00,light,30,False
8030723698774219112,2025-12-10,2025-12-10 01:55:30,rem,90,False
8030723698774219112,2025-12-10,2025-12-10 01:57:00,light,240,False
8030723698774219112,2025-12-10,2025-12-10 02:01:00,rem,30,False
8030723698774219112,2025-12-10,2025-12-10 02:01:30,light,2250,False
8030723698774219112,2025-12-10,2025-12-10 02:03:30,wake,60,True
8030723698774219112,2025-12-10,2025-12-10 02:39:00,deep,390,False
8030723698774219112,2025-12-10,2025-12-10 02:45:30,light,1710,False
8030723698774219112,2025-12-10,2025-12-10 03:03:00,wake,120,True
8030723698774219112,2025-12-10,2025-12-10 03:14:00,rem,60,False
8030723698774219112,2025-12-10,2025-12-10 03:15:00,light,30,False
8030723698774219112,2025-12-10,2025-12-10 03:15:30,rem,30,False
8030723698774219112,2025-12-10,2025-12-10 03:16:00,light,30,False
8030723698774219112,2025-12-10,2025-12-10 03:16:30,rem,2250,False
8030723698774219112,2025-12-10,2025-12-10 03:25:00,wake,60,True
8030723698774219112,2025-12-10,2025-12-10 03:29:00,wake,60,True
8030723698774219112,2025-12-10,2025-12-10 03:30:30,wake,60,True
8030723698774219112,2025-12-10,2025-12-10 03:38:00,wake,60,True
8030723698774219112,2025-12-10,2025-12-10 03:54:00,light,30,False
8030723698774219112,2025-12-10,2025-12-10 03:54:30,rem,60,False
8030723698774219112,2025-12-10,2025-12-10 03:55:00,wake,30,True
8030723698774219112,2025-12-10,2025-12-10 03:55:30,light,3720,False
8030723698774219112,2025-12-10,2025-12-10 04:07:30,wake,90,True
8030723698774219112,2025-12-10,2025-12-10 04:27:00,wake,60,True
8030723698774219112,2025-12-10,2025-12-10 04:47:30,wake,120,True
8030723698774219112,2025-12-10,2025-12-10 04:57:30,rem,2370,False
8030723698774219112,2025-12-10,2025-12-10 05:03:00,wake,30,True
8030723698774219112,2025-12-10,2025-12-10 05:36:00,wake,30,True
8030723698774219112,2025-12-10,2025-12-10 05:37:00,wake,300,False
8030723698774219112,2025-12-10,2025-12-10 05:42:00,light,2490,False
8030723698774219112,2025-12-10,2025-12-10 06:20:30,wake,150,True
8644759624812163472,2025-12-11,2025-12-10 22:48:30,wake,870,False
8644759624812163472,2025-12-11,2025-12-10 23:03:00,light,990,False
8644759624812163472,2025-12-11,2025-12-10 23:04:30,wake,90,True
8644759624812163472,2025-12-11,2025-12-10 23:19:30,deep,60,False
8644759624812163472,2025-12-11,2025-12-10 23:20:30,light,30,False
8644759624812163472,2025-12-11,2025-12-10 23:21:00,deep,630,False
8644759624812163472,2025-12-11,2025-12-10 23:31:30,light,120,False
8644759624812163472,2025-12-11,2025-12-10 23:33:30,deep,30,False
8644759624812163472,2025-12-11,2025-12-10 23:34:00,light,90,False
8644759624812163472,2025-12-11,2025-12-10 23:35:30,deep,30,False
8644759624812163472,2025-12-11,2025-12-10 23:36:00,light,30,False
8644759624812163472,2025-12-11,2025-12-10 23:36:30,deep,1050,False
8644759624812163472,2025-12-11,2025-12-10 23:54:00,light,1590,False
8644759624812163472,2025-12-11,2025-12-10 23:57:00,wake,30,True
8644759624812163472,2025-12-11,2025-12-11 00:20:30,rem,1980,False
8644759624812163472,2025-12-11,2025-12-11 00:53:30,light,870,False
8644759624812163472,2025-12-11,2025-12-11 01:08:00,deep,90,False
8644759624812163472,2025-12-11,2025-12-11 01:09:30,light,30,False
8644759624812163472,2025-12-11,2025-12-11 01:10:00,deep,30,False
8644759624812163472,2025-12-11,2025-12-11 01:10:30,light,60,False
8644759624812163472,2025-12-11,2025-12-11 01:11:30,deep,60,False
8644759624812163472,2025-12-11,2025-12-11 01:12:30,light,30,False
8644759624812163472,2025-12-11,2025-12-11 01:13:00,deep,30,False
8644759624812163472,2025-12-11,2025-12-11 01:13:30,light,720,False
8644759624812163472,2025-12-11,2025-12-11 01:16:30,wake,30,True
8644759624812163472,2025-12-11,2025-12-11 01:25:30,deep,150,False
8644759624812163472,2025-12-11,2025-12-11 01:28:00,light,30,False
8644759624812163472,2025-12-11,2025-12-11 01:28:30,deep,1260,False
8644759624812163472,2025-12-11,2025-12-11 01:47:30,wake,120,True
8644759624812163472,2025-12-11,2025-12-11 01:49:30,light,2280,False
8644759624812163472,2025-12-11,2025-12-11 01:58:00,wake,120,True
8644759624812163472,2025-12-11,2025-12-11 02:22:00,wake,30,True
8644759624812163472,2025-12-11,2025-12-11 02:25:00,wake,120,True
8644759624812163472,2025-12-11,2025-12-11 02:27:30,wake,510,False
8644759624812163472,2025-12-11,2025-12-11 02:36:00,light,540,False
8644759624812163472,2025-12-11,2025-12-11 02:45:00,wake,330,False
8644759624812163472,2025-12-11,2025-12-11 02:50:30,light,690,False
8644759624812163472,2025-12-11,2025-12-11 03:00:30,wake,60,True
8644759624812163472,2025-12-11,2025-12-11 03:02:00,wake,720,False
8644759624812163472,2025-12-11,2025-12-11 03:14:00,light,2550,False
8644759624812163472,2025-12-11,2025-12-11 03:44:00,wake,90,True
8644759624812163472,2025-12-11,2025-12-11 03:56:30,rem,2400,False
8644759624812163472,2025-12-11,2025-12-11 04:36:30,light,60,False
8644759624812163472,2025-12-11,2025-12-11 04:37:30,rem,30,False
8644759624812163472,2025-12-11,2025-12-11 04:38:00,light,4500,False
8644759624812163472,2025-12-11,2025-12-11 04:40:30,wake,30,True
8644759624812163472,2025-12-11,2025-12-11 04:45:00,wake,60,True
8644759624812163472,2025-12-11,2025-12-11 04:48:30,wake,120,True
8644759624812163472,2025-12-11,2025-12-11 04:51:00,wake,30,True
8644759624812163472,2025-12-11,2025-12-11 05:02:30,wake,150,True
8644759624812163472,2025-12-11,2025-12-11 05:42:00,wake,60,True
8644759624812163472,2025-12-11,2025-12-11 05:53:00,rem,30,False
8644759624812163472,2025-12-11,2025-12-11 05:53:30,light,30,False
8644759624812163472,2025-12-11,2025-12-11 05:54:00,rem,60,False
8644759624812163472,2025-12-11,2025-12-11 05:55:00,light,360,False
8644759624812163472,2025-12-11,2025-12-11 05:56:30,wake,90,True
8644759624812163472,2025-12-11,2025-12-11 06:01:00,wake,270,False
8644759624812163472,2025-12-11,2025-12-11 06:05:30,rem,30,False
8644759624812163472,2025-12-11,2025-12-11 06:06:00,light,30,False
8644759624812163472,2025-12-11,2025-12-11 06:06:30,rem,750,False
8644759624812163472,2025-12-11,2025-12-11 06:19:00,wake,360,False
1644282495753189376,2025-12-12,2025-12-11 23:28:30,wake,660,False
1644282495753189376,2025-12-12,2025-12-11 23:39:30,light,120,False
1644282495753189376,2025-12-12,2025-12-11 23:41:30,wake,720,False
1644282495753189376,2025-12-12,2025-12-11 23:53:30,light,690,False
1644282495753189376,2025-12-12,2025-12-12 00:05:00,deep,1950,False
1644282495753189376,2025-12-12,2025-12-12 00:37:30,light,510,False
1644282495753189376,2025-12-12,2025-12-12 00:46:00,rem,1020,False
1644282495753189376,2025-12-12,2025-12-12 01:03:00,light,960,False
1644282495753189376,2025-12-12,2025-12-12 01:19:00,deep,540,False
1644282495753189376,2025-12-12,2025-12-12 01:27:00,wake,60,True
1644282495753189376,2025-12-12,2025-12-12 01:28:00,light,840,False
1644282495753189376,2025-12-12,2025-12-12 01:42:00,wake,480,False
1644282495753189376,2025-12-12,2025-12-12 01:50:00,light,1020,False
1644282495753189376,2025-12-12,2025-12-12 02:07:00,deep,30,False
1644282495753189376,2025-12-12,2025-12-12 02:07:30,light,1050,False
1644282495753189376,2025-12-12,2025-12-12 02:08:30,wake,60,True
1644282495753189376,2025-12-12,2025-12-12 02:11:00,wake,150,True
1644282495753189376,2025-12-12,2025-12-12 02:14:00,wake,90,True
1644282495753189376,2025-12-12,2025-12-12 02:16:00,wake,90,True
1644282495753189376,2025-12-12,2025-12-12 02:18:00,wake,30,True
1644282495753189376,2025-12-12,2025-12-12 02:19:30,wake,30,True
1644282495753189376,2025-12-12,2025-12-12 02:25:00,rem,270,False
1644282495753189376,2025-12-12,2025-12-12 02:29:30,light,1440,False
1644282495753189376,2025-12-12,2025-12-12 02:31:00,wake,30,True
1644282495753189376,2025-12-12,2025-12-12 02:33:30,wake,30,True
1644282495753189376,2025-12-12,2025-12-12 02:39:00,wake,90,True
1644282495753189376,2025-12-12,2025-12-12 02:53:30,wake,270,False
1644282495753189376,2025-12-12,2025-12-12 02:58:00,light,2220,False
1644282495753189376,2025-12-12,2025-12-12 03:06:30,wake,30,True
1644282495753189376,2025-12-12,2025-12-12 03:12:30,wake,60,True
1644282495753189376,2025-12-12,2025-12-12 03:21:30,wake,120,True
1644282495753189376,2025-12-12,2025-12-12 03:34:00,wake,30,True
1644282495753189376,2025-12-12,2025-12-12 03:35:00,rem,3480,False
1644282495753189376,2025-12-12,2025-12-12 04:25:30,wake,30,True
1644282495753189376,2025-12-12,2025-12-12 04:31:30,wake,60,True
1644282495753189376,2025-12-12,2025-12-12 04:33:00,light,210,False
1644282495753189376,2025-12-12,2025-12-12 04:36:30,rem,30,False
1644282495753189376,2025-12-12,2025-12-12 04:37:00,light,1470,False
1644282495753189376,2025-12-12,2025-12-12 05:01:30,deep,90,False
1644282495753189376,2025-12-12,2025-12-12 05:03:00,light,30,False
1644282495753189376,2025-12-12,2025-12-12 05:03:30,deep,870,False
1644282495753189376,2025-12-12,2025-12-12 05:16:00,wake,120,True
1644282495753189376,2025-12-12,2025-12-12 05:18:00,light,2010,False
1644282495753189376,2025-12-12,2025-12-12 05:39:00,wake,60,True
1644282495753189376,2025-12-12,2025-12-12 05:40:30,wake,60,True
1644282495753189376,2025-12-12,2025-12-12 05:51:30,wake,2700,False
710043741518728752,2025-12-13,2025-12-12 23:13:30,wake,1680,False
710043741518728752,2025-12-13,2025-12-12 23:41:30,light,1080,False
710043741518728752,2025-12-13,2025-12-12 23:42:00,wake,30,True
710043741518728752,2025-12-13,2025-12-12 23:59:30,deep,1710,False
710043741518728752,2025-12-13,2025-12-13 00:26:30,wake,90,True
710043741518728752,2025-12-13,2025-12-13 00:28:00,light,450,False
710043741518728752,2025-12-13,2025-12-13 00:35:30,rem,30,False
710043741518728752,2025-12-13,2025-12-13 00:36:00,light,30,False
710043741518728752,2025-12-13,2025-12-13 00:36:30,rem,1380,False
710043741518728752,2025-12-13,2025-12-13 00:59:30,light,1020,False
710043741518728752,2025-12-13,2025-12-13 01:16:30,deep,1350,False
710043741518728752,2025-12-13,2025-12-13 01:37:00,wake,120,True
710043741518728752,2025-12-13,2025-12-13 01:39:00,light,2520,False
710043741518728752,2025-12-13,2025-12-13 02:13:30,wake,30,True
710043741518728752,2025-12-13,2025-12-13 02:19:30,wake,60,True
710043741518728752,2025-12-13,2025-12-13 02:21:00,rem,30,False
710043741518728752,2025-12-13,2025-12-13 02:21:30,light,840,False
710043741518728752,2025-12-13,2025-12-13 02:22:30,wake,120,True
710043741518728752,2025-12-13,2025-12-13 02:25:00,wake,90,True
710043741518728752,2025-12-13,2025-12-13 02:31:00,wake,30,True
710043741518728752,2025-12-13,2025-12-13 02:35:30,rem,90,False
710043741518728752,2025-12-13,2025-12-13 02:36:00,wake,60,True
710043741518728752,2025-12-13,2025-12-13 02:37:00,light,1380,False
710043741518728752,2025-12-13,2025-12-13 02:38:00,wake,90,True
710043741518728752,2025-12-13,2025-12-13 02:45:00,wake,30,True
710043741518728752,2025-12-13,2025-12-13 03:00:00,wake,420,False
710043741518728752,2025-12-13,2025-12-13 03:07:00,light,180,False
710043741518728752,2025-12-13,2025-12-13 03:10:00,wake,4380,False
710043741518728752,2025-12-13,2025-12-13 04:23:00,light,2790,False
710043741518728752,2025-12-13,2025-12-13 05:09:30,rem,2640,False
710043741518728752,2025-12-13,2025-12-13 05:34:00,wake,30,True
710043741518728752,2025-12-13,2025-12-13 05:41:30,wake,30,True
710043741518728752,2025-12-13,2025-12-13 05:50:00,wake,90,True
710043741518728752,2025-12-13,2025-12-13 05:53:30,light,360,False
710043741518728752,2025-12-13,2025-12-13 05:55:00,wake,60,True
710043741518728752,2025-12-13,2025-12-13 05:59:30,wake,210,False
710043741518728752,2025-12-13,2025-12-13 06:03:00,light,1380,False
710043741518728752,2025-12-13,2025-12-13 06:15:30,wake,90,True
710043741518728752,2025-12-13,2025-12-13 06:24:00,wake,90,True
3248587349670124448,2025-12-14,2025-12-13 23:14:00,wake,1500,False
3248587349670124448,2025-12-14,2025-12-13 23:39:00,light,1110,False
3248587349670124448,2025-12-14,2025-12-13 23:39:30,wake,90,True
3248587349670124448,2025-12-14,2025-12-13 23:42:00,wake,90,True
3248587349670124448,2025-12-14,2025-12-13 23:44:00,wake,180,True
3248587349670124448,2025-12-14,2025-12-13 23:57:30,deep,30,False
3248587349670124448,2025-12-14,2025-12-13 23:58:00,light,840,False
3248587349670124448,2025-12-14,2025-12-14 00:12:00,wake,330,False
3248587349670124448,2025-12-14,2025-12-14 00:17:30,light,210,False
3248587349670124448,2025-12-14,2025-12-14 00:18:00,wake,90,True
3248587349670124448,2025-12-14,2025-12-14 00:21:00,wake,540,False
3248587349670124448,2025-12-14,2025-12-14 00:30:00,light,150,False
3248587349670124448,2025-12-14,2025-12-14 00:32:30,wake,210,False
3248587349670124448,2025-12-14,2025-12-14 00:36:00,light,2040,False
3248587349670124448,2025-12-14,2025-12-14 00:39:00,wake,30,True
3248587349670124448,2025-12-14,2025-12-14 00:41:30,wake,60,True
3248587349670124448,2025-12-14,2025-12-14 00:43:00,wake,30,True
3248587349670124448,2025-12-14,2025-12-14 00:45:00,wake,60,True
3248587349670124448,2025-12-14,2025-12-14 00:48:30,wake,60,True
3248587349670124448,2025-12-14,2025-12-14 00:59:30,wake,30,True
3248587349670124448,2025-12-14,2025-12-14 01:09:00,wake,30,True
3248587349670124448,2025-12-14,2025-12-14 01:10:00,wake,480,False
3248587349670124448,2025-12-14,2025-12-14 01:18:00,light,150,False
3248587349670124448,2025-12-14,2025-12-14 01:20:30,rem,960,False
3248587349670124448,2025-12-14,2025-12-14 01:33:00,wake,90,True
3248587349670124448,2025-12-14,2025-12-14 01:36:30,wake,720,False
3248587349670124448,2025-12-14,2025-12-14 01:48:30,light,930,False
3248587349670124448,2025-12-14,2025-12-14 02:04:00,deep,180,False
3248587349670124448,2025-12-14,2025-12-14 02:07:00,light,30,False
3248587349670124448,2025-12-14,2025-12-14 02:07:30,deep,1050,False
3248587349670124448,2025-12-14,2025-12-14 02:24:30,wake,30,True
3248587349670124448,2025-12-14,2025-12-14 02:25:00,light,2550,False
3248587349670124448,2025-12-14,2025-12-14 02:39:30,wake,30,True
3248587349670124448,2025-12-14,2025-12-14 02:40:30,wake,30,True
3248587349670124448,2025-12-14,2025-12-14 03:07:30,rem,2100,False
3248587349670124448,2025-12-14,2025-12-14 03:42:30,light,30,False
3248587349670124448,2025-12-14,2025-12-14 03:43:00,rem,60,False
3248587349670124448,2025-12-14,2025-12-14 03:43:30,wake,30,True
3248587349670124448,2025-12-14,2025-12-14 03:44:00,light,2280,False
3248587349670124448,2025-12-14,2025-12-14 04:22:00,deep,450,False
3248587349670124448,2025-12-14,2025-12-14 04:29:30,light,30,False
3248587349670124448,2025-12-14,2025-12-14 04:30:00,deep,30,False
3248587349670124448,2025-12-14,2025-12-14 04:30:30,light,1290,False
3248587349670124448,2025-12-14,2025-12-14 04:32:30,wake,30,True
3248587349670124448,2025-12-14,2025-12-14 04:33:30,wake,30,True
3248587349670124448,2025-12-14,2025-12-14 04:52:00,rem,1920,False
3248587349670124448,2025-12-14,2025-12-14 05:16:00,wake,30,True
3248587349670124448,2025-12-14,2025-12-14 05:24:00,light,3150,False
3248587349670124448,2025-12-14,2025-12-14 05:53:30,wake,30,True
3248587349670124448,2025-12-14,2025-12-14 06:08:30,wake,30,True
3248587349670124448,2025-12-14,2025-12-14 06:16:30,wake,270,False
3248587349670124448,2025-12-14,2025-12-14 06:21:00,light,390,False
3248587349670124448,2025-12-14,2025-12-14 06:26:30,wake,60,True
7022459695263393040,2025-12-15,2025-12-14 21:45:00,wake,1260,False
7022459695263393040,2025-12-15,2025-12-14 22:06:00,light,720,False
7022459695263393040,2025-12-15,2025-12-14 22:18:00,deep,2430,False
7022459695263393040,2025-12-15,2025-12-14 22:58:30,light,630,False
7022459695263393040,2025-12-15,2025-12-14 23:09:00,deep,30,False
7022459695263393040,2025-12-15,2025-12-14 23:09:30,light,30,False
7022459695263393040,2025-12-15,2025-12-14 23:10:00,deep,240,False
7022459695263393040,2025-12-15,2025-12-14 23:12:30,wake,90,True
7022459695263393040,2025-12-15,2025-12-14 23:14:00,light,750,False
7022459695263393040,2025-12-15,2025-12-14 23:26:30,rem,870,False
7022459695263393040,2025-12-15,2025-12-14 23:41:00,light,1290,False
7022459695263393040,2025-12-15,2025-12-15 00:02:30,deep,30,False
7022459695263393040,2025-12-15,2025-12-15 00:03:00,light,30,False
7022459695263393040,2025-12-15,2025-12-15 00:03:30,deep,120,False
7022459695263393040,2025-12-15,2025-12-15 00:05:30,light,1050,False
7022459695263393040,2025-12-15,2025-12-15 00:15:30,wake,90,True
7022459695263393040,2025-12-15,2025-12-15 00:18:30,wake,180,True
7022459695263393040,2025-12-15,2025-12-15 00:23:00,rem,30,False
7022459695263393040,2025-12-15,2025-12-15 00:23:30,light,90,False
7022459695263393040,2025-12-15,2025-12-15 00:25:00,wake,240,False
7022459695263393040,2025-12-15,2025-12-15 00:29:00,light,6450,False
7022459695263393040,2025-12-15,2025-12-15 01:12:30,wake,30,True
7022459695263393040,2025-12-15,2025-12-15 01:13:30,wake,120,True
7022459695263393040,2025-12-15,2025-12-15 01:16:00,wake,60,True
7022459695263393040,2025-12-15,2025-12-15 01:22:30,wake,60,True
7022459695263393040,2025-12-15,2025-12-15 01:30:00,wake,120,True
7022459695263393040,2025-12-15,2025-12-15 02:16:30,rem,510,False
7022459695263393040,2025-12-15,2025-12-15 02:20:30,wake,150,True
7022459695263393040,2025-12-15,2025-12-15 02:23:30,wake,90,True
7022459695263393040,2025-12-15,2025-12-15 02:25:00,light,720,False
7022459695263393040,2025-12-15,2025-12-15 02:25:30,wake,30,True
7022459695263393040,2025-12-15,2025-12-15 02:31:00,wake,30,True
7022459695263393040,2025-12-15,2025-12-15 02:32:00,wake,90,True
7022459695263393040,2025-12-15,2025-12-15 02:35:30,wake,30,True
7022459695263393040,2025-12-15,2025-12-15 02:37:00,wake,2040,False
7022459695263393040,2025-12-15,2025-12-15 03:11:00,light,2160,False
7022459695263393040,2025-12-15,2025-12-15 03:13:00,wake,120,True
7022459695263393040,2025-12-15,2025-12-15 03:47:00,deep,30,False
7022459695263393040,2025-12-15,2025-12-15 03:47:30,light,780,False
7022459695263393040,2025-12-15,2025-12-15 03:57:00,wake,60,True
7022459695263393040,2025-12-15,2025-12-15 04:00:30,rem,60,False
7022459695263393040,2025-12-15,2025-12-15 04:01:00,wake,30,True
7022459695263393040,2025-12-15,2025-12-15 04:01:30,light,150,False
7022459695263393040,2025-12-15,2025-12-15 04:04:00,wake,240,False
7022459695263393040,2025-12-15,2025-12-15 04:08:00,light,210,False
7022459695263393040,2025-12-15,2025-12-15 04:08:30,wake,30,True
7022459695263393040,2025-12-15,2025-12-15 04:11:30,rem,270,False
7022459695263393040,2025-12-15,2025-12-15 04:14:00,wake,120,True
7022459695263393040,2025-12-15,2025-12-15 04:16:00,light,30,False
7022459695263393040,2025-12-15,2025-12-15 04:16:30,rem,3330,False
7022459695263393040,2025-12-15,2025-12-15 05:12:00,light,1380,False
7022459695263393040,2025-12-15,2025-12-15 05:35:00,deep,210,False
7022459695263393040,2025-12-15,2025-12-15 05:38:30,light,30,False
7022459695263393040,2025-12-15,2025-12-15 05:39:00,deep,150,False
7022459695263393040,2025-12-15,2025-12-15 05:41:30,light,30,False
7022459695263393040,2025-12-15,2025-12-15 05:42:00,deep,300,False
7022459695263393040,2025-12-15,2025-12-15 05:47:00,light,2700,False
7022459695263393040,2025-12-15,2025-12-15 05:47:30,wake,120,True
7022459695263393040,2025-12-15,2025-12-15 06:28:00,wake,60,True
7022459695263393040,2025-12-15,2025-12-15 06:29:30,wake,30,True
7022459695263393040,2025-12-15,2025-12-15 06:32:00,rem,840,False
7022459695263393040,2025-12-15,2025-12-15 06:45:00,wake,30,True
7022459695263393040,2025-12-15,2025-12-15 06:46:00,wake,390,False
7022459695263393040,2025-12-15,2025-12-15 06:52:30,light,60,False
7022459695263393040,2025-12-15,2025-12-15 06:53:30,wake,1380,False
4883278358805748384,2025-12-16,2025-12-15 22:46:00,wake,900,False
4883278358805748384,2025-12-16,2025-12-15 23:01:00,light,1620,False
4883278358805748384,2025-12-16,2025-12-15 23:02:00,wake,30,True
4883278358805748384,2025-12-16,2025-12-15 23:28:00,deep,1170,False
4883278358805748384,2025-12-16,2025-12-15 23:47:30,wake,210,False
4883278358805748384,2025-12-16,2025-12-15 23:51:00,light,1710,False
4883278358805748384,2025-12-16,2025-12-15 23:58:00,wake,30,True
4883278358805748384,2025-12-16,2025-12-16 00:01:00,wake,90,True
4883278358805748384,2025-12-16,2025-12-16 00:04:00,wake,60,True
4883278358805748384,2025-12-16,2025-12-16 00:08:00,wake,60,True
4883278358805748384,2025-12-16,2025-12-16 00:18:30,wake,60,True
4883278358805748384,2025-12-16,2025-12-16 00:19:30,rem,90,False
4883278358805748384,2025-12-16,2025-12-16 00:20:00,wake,60,True
4883278358805748384,2025-12-16,2025-12-16 00:21:00,light,210,False
4883278358805748384,2025-12-16,2025-12-16 00:21:30,wake,180,True
4883278358805748384,2025-12-16,2025-12-16 00:24:30,rem,780,False
4883278358805748384,2025-12-16,2025-12-16 00:26:30,wake,30,True
4883278358805748384,2025-12-16,2025-12-16 00:27:30,wake,30,True
4883278358805748384,2025-12-16,2025-12-16 00:28:30,wake,60,True
4883278358805748384,2025-12-16,2025-12-16 00:30:30,wake,30,True
4883278358805748384,2025-12-16,2025-12-16 00:35:00,wake,90,True
4883278358805748384,2025-12-16,2025-12-16 00:37:30,light,30,False
4883278358805748384,2025-12-16,2025-12-16 00:38:00,rem,30,False
4883278358805748384,2025-12-16,2025-12-16 00:38:30,light,30,False
4883278358805748384,2025-12-16,2025-12-16 00:39:00,rem,30,False
4883278358805748384,2025-12-16,2025-12-16 00:39:30,light,30,False
4883278358805748384,2025-12-16,2025-12-16 00:40:00,rem,30,False
4883278358805748384,2025-12-16,2025-12-16 00:40:30,light,30,False
4883278358805748384,2025-12-16,2025-12-16 00:41:00,rem,90,False
4883278358805748384,2025-12-16,2025-12-16 00:42:30,light,30,False
4883278358805748384,2025-12-16,2025-12-16 00:43:00,rem,180,False
4883278358805748384,2025-12-16,2025-12-16 00:46:00,light,1350,False
4883278358805748384,2025-12-16,2025-12-16 00:54:00,wake,60,True
4883278358805748384,2025-12-16,2025-12-16 01:08:30,deep,1860,False
4883278358805748384,2025-12-16,2025-12-16 01:39:30,light,4020,False
4883278358805748384,2025-12-16,2025-12-16 01:53:00,wake,90,True
4883278358805748384,2025-12-16,2025-12-16 01:57:00,wake,30,True
4883278358805748384,2025-12-16,2025-12-16 02:02:00,wake,60,True
4883278358805748384,2025-12-16,2025-12-16 02:14:30,wake,150,True
4883278358805748384,2025-12-16,2025-12-16 02:18:30,wake,30,True
4883278358805748384,2025-12-16,2025-12-16 02:22:00,wake,150,True
4883278358805748384,2025-12-16,2025-12-16 02:27:30,wake,60,True
4883278358805748384,2025-12-16,2025-12-16 02:30:00,wake,60,True
4883278358805748384,2025-12-16,2025-12-16 02:37:00,wake,30,True
4883278358805748384,2025-12-16,2025-12-16 02:46:30,wake,450,False
4883278358805748384,2025-12-16,2025-12-16 02:54:00,light,390,False
4883278358805748384,2025-12-16,2025-12-16 03:00:30,rem,30,False
4883278358805748384,2025-12-16,2025-12-16 03:01:00,light,60,False
4883278358805748384,2025-12-16,2025-12-16 03:02:00,rem,360,False
4883278358805748384,2025-12-16,2025-12-16 03:08:00,wake,900,False
4883278358805748384,2025-12-16,2025-12-16 03:23:00,light,1440,False
4883278358805748384,2025-12-16,2025-12-16 03:33:00,wake,60,True
4883278358805748384,2025-12-16,2025-12-16 03:47:00,deep,60,False
4883278358805748384,2025-12-16,2025-12-16 03:48:00,light,150,False
4883278358805748384,2025-12-16,2025-12-16 03:50:30,deep,570,False
4883278358805748384,2025-12-16,2025-12-16 03:59:00,wake,60,True
4883278358805748384,2025-12-16,2025-12-16 04:00:00,light,2010,False
4883278358805748384,2025-12-16,2025-12-16 04:25:30,wake,30,True
4883278358805748384,2025-12-16,2025-12-16 04:33:30,rem,30,False
4883278358805748384,2025-12-16,2025-12-16 04:34:00,light,30,False
4883278358805748384,2025-12-16,2025-12-16 04:34:30,rem,3210,False
4883278358805748384,2025-12-16,2025-12-16 05:28:00,light,2610,False
4883278358805748384,2025-12-16,2025-12-16 05:59:30,wake,150,True
4883278358805748384,2025-12-16,2025-12-16 06:05:30,wake,120,True
4883278358805748384,2025-12-16,2025-12-16 06:11:00,wake,30,True
5945128652002985848,2025-12-17,2025-12-16 23:12:00,wake,150,True
5945128652002985848,2025-12-17,2025-12-16 23:16:00,wake,60,True
5945128652002985848,2025-12-17,2025-12-16 23:29:00,wake,60,True
5945128652002985848,2025-12-17,2025-12-16 23:43:30,wake,120,True
5945128652002985848,2025-12-17,2025-12-17 00:01:30,deep,60,False
5945128652002985848,2025-12-17,2025-12-17 00:02:00,wake,30,True
5945128652002985848,2025-12-17,2025-12-17 00:02:30,light,90,False
5945128652002985848,2025-12-17,2025-12-17 00:04:00,deep,780,False
5945128652002985848,2025-12-17,2025-12-17 00:15:00,wake,120,True
5945128652002985848,2025-12-17,2025-12-17 00:17:00,light,180,False
5945128652002985848,2025-12-17,2025-12-17 00:20:00,rem,90,False
5945128652002985848,2025-12-17,2025-12-17 00:21:30,light,30,False
5945128652002985848,2025-12-17,2025-12-17 00:22:00,rem,1170,False
5945128652002985848,2025-12-17,2025-12-17 00:41:30,light,90,False
5945128652002985848,2025-12-17,2025-12-17 00:43:00,rem,60,False
5945128652002985848,2025-12-17,2025-12-17 00:44:00,light,720,False
5945128652002985848,2025-12-17,2025-12-17 00:56:00,deep,60,False
5945128652002985848,2025-12-17,2025-12-17 00:57:00,light,390,False
5945128652002985848,2025-12-17,2025-12-17 01:03:30,deep,330,False
5945128652002985848,2025-12-17,2025-12-17 01:09:00,light,30,False
5945128652002985848,2025-12-17,2025-12-17 01:09:30,deep,90,False
5945128652002985848,2025-12-17,2025-12-17 01:11:00,light,60,False
5945128652002985848,2025-12-17,2025-12-17 01:12:00,deep,720,False
5945128652002985848,2025-12-17,2025-12-17 01:24:00,light,660,False
5945128652002985848,2025-12-17,2025-12-17 01:35:00,deep,30,False
5945128652002985848,2025-12-17,2025-12-17 01:35:30,light,1890,False
5945128652002985848,2025-12-17,2025-12-17 01:46:00,wake,90,True
5945128652002985848,2025-12-17,2025-12-17 02:00:00,wake,60,True
5945128652002985848,2025-12-17,2025-12-17 02:02:00,wake,30,True
5945128652002985848,2025-12-17,2025-12-17 02:07:00,wake,330,False
5945128652002985848,2025-12-17,2025-12-17 02:12:30,light,1410,False
5945128652002985848,2025-12-17,2025-12-17 02:14:00,wake,30,True
5945128652002985848,2025-12-17,2025-12-17 02:26:30,wake,120,True
5945128652002985848,2025-12-17,2025-12-17 02:29:00,wake,60,True
5945128652002985848,2025-12-17,2025-12-17 02:36:00,rem,2310,False
5945128652002985848,2025-12-17,2025-12-17 03:14:30,light,1680,False
5945128652002985848,2025-12-17,2025-12-17 03:22:30,wake,30,True
5945128652002985848,2025-12-17,2025-12-17 03:42:30,deep,930,False
5945128652002985848,2025-12-17,2025-12-17 03:58:00,light,1830,False
5945128652002985848,2025-12-17,2025-12-17 04:01:00,wake,60,True
5945128652002985848,2025-12-17,2025-12-17 04:05:30,wake,30,True
5945128652002985848,2025-12-17,2025-12-17 04:22:00,wake,90,True
5945128652002985848,2025-12-17,2025-12-17 04:28:30,rem,2340,False
5945128652002985848,2025-12-17,2025-12-17 04:49:00,wake,30,True
5945128652002985848,2025-12-17,2025-12-17 05:04:30,wake,30,True
5945128652002985848,2025-12-17,2025-12-17 05:07:30,light,4050,False
5945128652002985848,2025-12-17,2025-12-17 05:08:30,wake,180,True
5945128652002985848,2025-12-17,2025-12-17 05:17:30,wake,30,True
5945128652002985848,2025-12-17,2025-12-17 05:30:00,wake,60,True
5945128652002985848,2025-12-17,2025-12-17 05:48:00,wake,30,True
5945128652002985848,2025-12-17,2025-12-17 06:08:00,wake,150,True
5945128652002985848,2025-12-17,2025-12-17 06:15:00,wake,1110,False
4771963533637504424,2025-12-18,2025-12-17 22:58:30,wake,720,False
4771963533637504424,2025-12-18,2025-12-17 23:10:30,light,840,False
4771963533637504424,2025-12-18,2025-12-17 23:12:30,wake,30,True
4771963533637504424,2025-12-18,2025-12-17 23:18:00,wake,60,True
4771963533637504424,2025-12-18,2025-12-17 23:24:30,deep,2340,False
4771963533637504424,2025-12-18,2025-12-18 00:03:30,light,1170,False
4771963533637504424,2025-12-18,2025-12-18 00:23:00,rem,180,False
4771963533637504424,2025-12-18,2025-12-18 00:26:00,light,30,False
4771963533637504424,2025-12-18,2025-12-18 00:26:30,rem,540,False
4771963533637504424,2025-12-18,2025-12-18 00:30:00,wake,30,True
4771963533637504424,2025-12-18,2025-12-18 00:35:30,light,30,False
4771963533637504424,2025-12-18,2025-12-18 00:36:00,rem,30,False
4771963533637504424,2025-12-18,2025-12-18 00:36:30,light,30,False
4771963533637504424,2025-12-18,2025-12-18 00:37:00,rem,90,False
4771963533637504424,2025-12-18,2025-12-18 00:38:30,light,30,False
4771963533637504424,2025-12-18,2025-12-18 00:39:00,rem,150,False
4771963533637504424,2025-12-18,2025-12-18 00:41:30,light,1740,False
4771963533637504424,2025-12-18,2025-12-18 00:51:30,wake,30,True
4771963533637504424,2025-12-18,2025-12-18 01:10:30,deep,360,False
4771963533637504424,2025-12-18,2025-12-18 01:16:30,light,1650,False
4771963533637504424,2025-12-18,2025-12-18 01:36:30,wake,60,True
4771963533637504424,2025-12-18,2025-12-18 01:44:00,rem,30,False
4771963533637504424,2025-12-18,2025-12-18 01:44:30,wake,210,False
4771963533637504424,2025-12-18,2025-12-18 01:48:00,light,360,False
4771963533637504424,2025-12-18,2025-12-18 01:54:00,rem,60,False
4771963533637504424,2025-12-18,2025-12-18 01:55:00,light,2400,False
4771963533637504424,2025-12-18,2025-12-18 01:59:30,wake,90,True
4771963533637504424,2025-12-18,2025-12-18 02:03:30,wake,30,True
4771963533637504424,2025-12-18,2025-12-18 02:20:00,wake,90,True
4771963533637504424,2025-12-18,2025-12-18 02:22:00,wake,90,True
4771963533637504424,2025-12-18,2025-12-18 02:25:00,wake,30,True
4771963533637504424,2025-12-18,2025-12-18 02:35:00,wake,240,False
4771963533637504424,2025-12-18,2025-12-18 02:39:00,light,660,False
4771963533637504424,2025-12-18,2025-12-18 02:41:00,wake,60,True
4771963533637504424,2025-12-18,2025-12-18 02:50:00,rem,2940,False
4771963533637504424,2025-12-18,2025-12-18 02:50:30,wake,60,True
4771963533637504424,2025-12-18,2025-12-18 02:59:00,wake,60,True
4771963533637504424,2025-12-18,2025-12-18 03:37:30,wake,90,True
4771963533637504424,2025-12-18,2025-12-18 03:39:00,light,1350,False
4771963533637504424,2025-12-18,2025-12-18 03:42:00,wake,60,True
4771963533637504424,2025-12-18,2025-12-18 04:01:30,deep,1380,False
4771963533637504424,2025-12-18,2025-12-18 04:24:00,wake,30,True
4771963533637504424,2025-12-18,2025-12-18 04:24:30,light,1680,False
4771963533637504424,2025-12-18,2025-12-18 04:52:30,wake,270,False
4771963533637504424,2025-12-18,2025-12-18 04:57:00,light,660,False
4771963533637504424,2025-12-18,2025-12-18 05:00:00,wake,150,True
4771963533637504424,2025-12-18,2025-12-18 05:06:00,wake,90,True
4771963533637504424,2025-12-18,2025-12-18 05:08:00,wake,270,False
4771963533637504424,2025-12-18,2025-12-18 05:12:30,light,120,False
4771963533637504424,2025-12-18,2025-12-18 05:14:30,wake,390,False
4771963533637504424,2025-12-18,2025-12-18 05:21:00,light,240,False
4771963533637504424,2025-12-18,2025-12-18 05:25:00,rem,1440,False
4771963533637504424,2025-12-18,2025-12-18 05:37:00,wake,120,True
4771963533637504424,2025-12-18,2025-12-18 05:45:00,wake,180,True
4771963533637504424,2025-12-18,2025-12-18 05:49:00,light,30,False
4771963533637504424,2025-12-18,2025-12-18 05:49:30,rem,30,False
4771963533637504424,2025-12-18,2025-12-18 05:50:00,light,30,False
4771963533637504424,2025-12-18,2025-12-18 05:50:30,rem,60,False
4771963533637504424,2025-12-18,2025-12-18 05:51:30,light,30,False
4771963533637504424,2025-12-18,2025-12-18 05:52:00,rem,30,False
4771963533637504424,2025-12-18,2025-12-18 05:52:30,light,30,False
4771963533637504424,2025-12-18,2025-12-18 05:53:00,rem,60,False
4771963533637504424,2025-12-18,2025-12-18 05:54:00,light,60,False
4771963533637504424,2025-12-18,2025-12-18 05:55:00,rem,30,False
4771963533637504424,2025-12-18,2025-12-18 05:55:30,light,1230,False
4771963533637504424,2025-12-18,2025-12-18 05:58:30,wake,90,True
4771963533637504424,2025-12-18,2025-12-18 06:12:00,wake,150,True
4771963533637504424,2025-12-18,2025-12-18 06:16:00,wake,390,False
996280068562935104,2025-12-19,2025-12-18 22:12:00,wake,630,False
996280068562935104,2025-12-19,2025-12-18 22:22:30,light,150,False
996280068562935104,2025-12-19,2025-12-18 22:25:00,wake,210,False
996280068562935104,2025-12-19,2025-12-18 22:28:30,light,570,False
996280068562935104,2025-12-19,2025-12-18 22:38:00,deep,30,False
996280068562935104,2025-12-19,2025-12-18 22:38:30,light,30,False
996280068562935104,2025-12-19,2025-12-18 22:39:00,deep,90,False
996280068562935104,2025-12-19,2025-12-18 22:40:30,light,30,False
996280068562935104,2025-12-19,2025-12-18 22:41:00,deep,1710,False
996280068562935104,2025-12-19,2025-12-18 23:09:00,wake,30,True
996280068562935104,2025-12-19,2025-12-18 23:09:30,light,780,False
996280068562935104,2025-12-19,2025-12-18 23:14:00,wake,120,True
996280068562935104,2025-12-19,2025-12-18 23:22:30,rem,1620,False
996280068562935104,2025-12-19,2025-12-18 23:49:30,light,60,False
996280068562935104,2025-12-19,2025-12-18 23:50:30,rem,30,False
996280068562935104,2025-12-19,2025-12-18 23:51:00,light,2250,False
996280068562935104,2025-12-19,2025-12-18 23:53:30,wake,90,True
996280068562935104,2025-12-19,2025-12-19 00:02:30,wake,120,True
996280068562935104,2025-12-19,2025-12-19 00:28:30,deep,990,False
996280068562935104,2025-12-19,2025-12-19 00:45:00,light,2250,False
996280068562935104,2025-12-19,2025-12-19 00:45:30,wake,120,True
996280068562935104,2025-12-19,2025-12-19 01:17:00,wake,60,True
996280068562935104,2025-12-19,2025-12-19 01:18:30,wake,30,True
996280068562935104,2025-12-19,2025-12-19 01:22:30,rem,30,False
996280068562935104,2025-12-19,2025-12-19 01:23:00,light,30,False
996280068562935104,2025-12-19,2025-12-19 01:23:30,rem,2430,False
996280068562935104,2025-12-19,2025-12-19 01:42:30,wake,60,True
996280068562935104,2025-12-19,2025-12-19 02:04:00,light,90,False
996280068562935104,2025-12-19,2025-12-19 02:05:30,rem,30,False
996280068562935104,2025-12-19,2025-12-19 02:06:00,light,1350,False
996280068562935104,2025-12-19,2025-12-19 02:28:30,deep,60,False
996280068562935104,2025-12-19,2025-12-19 02:29:30,light,60,False
996280068562935104,2025-12-19,2025-12-19 02:30:30,deep,720,False
996280068562935104,2025-12-19,2025-12-19 02:40:30,wake,120,True
996280068562935104,2025-12-19,2025-12-19 02:42:30,light,900,False
996280068562935104,2025-12-19,2025-12-19 02:57:30,deep,60,False
996280068562935104,2025-12-19,2025-12-19 02:58:30,light,30,False
996280068562935104,2025-12-19,2025-12-19 02:59:00,deep,450,False
996280068562935104,2025-12-19,2025-12-19 03:06:30,light,60,False
996280068562935104,2025-12-19,2025-12-19 03:07:30,deep,300,False
996280068562935104,2025-12-19,2025-12-19 03:12:30,light,630,False
996280068562935104,2025-12-19,2025-12-19 03:23:00,deep,60,False
996280068562935104,2025-12-19,2025-12-19 03:24:00,light,540,False
996280068562935104,2025-12-19,2025-12-19 03:27:00,wake,60,True
996280068562935104,2025-12-19,2025-12-19 03:33:00,rem,1260,False
996280068562935104,2025-12-19,2025-12-19 03:33:30,wake,60,True
996280068562935104,2025-12-19,2025-12-19 03:50:30,wake,60,True
996280068562935104,2025-12-19,2025-12-19 03:54:00,light,180,False
996280068562935104,2025-12-19,2025-12-19 03:57:00,rem,30,False
996280068562935104,2025-12-19,2025-12-19 03:57:30,light,30,False
996280068562935104,2025-12-19,2025-12-19 03:58:00,rem,30,False
996280068562935104,2025-12-19,2025-12-19 03:58:30,light,3450,False
996280068562935104,2025-12-19,2025-12-19 04:00:00,wake,180,True
996280068562935104,2025-12-19,2025-12-19 04:56:00,rem,1860,False
996280068562935104,2025-12-19,2025-12-19 05:07:30,wake,60,True
996280068562935104,2025-12-19,2025-12-19 05:15:30,wake,60,True
996280068562935104,2025-12-19,2025-12-19 05:17:00,wake,30,True
996280068562935104,2025-12-19,2025-12-19 05:19:00,wake,60,True
996280068562935104,2025-12-19,2025-12-19 05:26:00,wake,60,True
996280068562935104,2025-12-19,2025-12-19 05:27:00,light,60,False
996280068562935104,2025-12-19,2025-12-19 05:28:00,wake,1290,False
996280068562935104,2025-12-19,2025-12-19 05:49:30,light,600,False
996280068562935104,2025-12-19,2025-12-19 05:52:00,wake,30,True
996280068562935104,2025-12-19,2025-12-19 05:53:00,wake,60,True
996280068562935104,2025-12-19,2025-12-19 05:59:30,wake,210,False
996280068562935104,2025-12-19,2025-12-19 06:03:00,light,330,False
996280068562935104,2025-12-19,2025-12-19 06:05:30,wake,60,True
4121305947228608352,2025-12-20,2025-12-19 22:36:00,wake,300,False
4121305947228608352,2025-12-20,2025-12-19 22:41:00,light,960,False
4121305947228608352,2025-12-20,2025-12-19 22:57:00,deep,600,False
4121305947228608352,2025-12-20,2025-12-19 23:07:00,light,30,False
4121305947228608352,2025-12-20,2025-12-19 23:07:30,deep,1350,False
4121305947228608352,2025-12-20,2025-12-19 23:28:30,wake,90,True
4121305947228608352,2025-12-20,2025-12-19 23:30:00,light,690,False
4121305947228608352,2025-12-20,2025-12-19 23:41:30,rem,90,False
4121305947228608352,2025-12-20,2025-12-19 23:43:00,light,630,False
4121305947228608352,2025-12-20,2025-12-19 23:53:30,deep,1770,False
4121305947228608352,2025-12-20,2025-12-20 00:22:00,wake,60,True
4121305947228608352,2025-12-20,2025-12-20 00:23:00,light,1050,False
4121305947228608352,2025-12-20,2025-12-20 00:40:30,wake,240,False
4121305947228608352,2025-12-20,2025-12-20 00:44:30,light,120,False
4121305947228608352,2025-12-20,2025-12-20 00:46:30,wake,300,False
4121305947228608352,2025-12-20,2025-12-20 00:51:30,light,2040,False
4121305947228608352,2025-12-20,2025-12-20 00:59:00,wake,30,True
4121305947228608352,2025-12-20,2025-12-20 01:16:00,wake,90,True
4121305947228608352,2025-12-20,2025-12-20 01:20:00,wake,30,True
4121305947228608352,2025-12-20,2025-12-20 01:25:30,rem,2700,False
4121305947228608352,2025-12-20,2025-12-20 02:02:00,wake,30,True
4121305947228608352,2025-12-20,2025-12-20 02:03:30,wake,30,True
4121305947228608352,2025-12-20,2025-12-20 02:05:30,wake,90,True
4121305947228608352,2025-12-20,2025-12-20 02:08:30,wake,120,True
4121305947228608352,2025-12-20,2025-12-20 02:10:30,light,1560,False
4121305947228608352,2025-12-20,2025-12-20 02:36:30,deep,150,False
4121305947228608352,2025-12-20,2025-12-20 02:39:00,light,1530,False
4121305947228608352,2025-12-20,2025-12-20 03:04:30,rem,90,False
4121305947228608352,2025-12-20,2025-12-20 03:06:00,light,2190,False
4121305947228608352,2025-12-20,2025-12-20 03:17:30,wake,30,True
4121305947228608352,2025-12-20,2025-12-20 03:42:30,deep,60,False
4121305947228608352,2025-12-20,2025-12-20 03:43:30,light,120,False
4121305947228608352,2025-12-20,2025-12-20 03:45:30,deep,30,False
4121305947228608352,2025-12-20,2025-12-20 03:46:00,light,1320,False
4121305947228608352,2025-12-20,2025-12-20 03:50:30,wake,150,True
4121305947228608352,2025-12-20,2025-12-20 03:58:00,wake,60,True
4121305947228608352,2025-12-20,2025-12-20 04:08:00,rem,2160,False
4121305947228608352,2025-12-20,2025-12-20 04:10:30,wake,90,True
4121305947228608352,2025-12-20,2025-12-20 04:15:30,wake,30,True
4121305947228608352,2025-12-20,2025-12-20 04:44:00,light,2550,False
4121305947228608352,2025-12-20,2025-12-20 04:47:00,wake,30,True
4121305947228608352,2025-12-20,2025-12-20 05:22:00,wake,30,True
4121305947228608352,2025-12-20,2025-12-20 05:26:30,wake,240,False
4121305947228608352,2025-12-20,2025-12-20 05:30:30,light,90,False
4121305947228608352,2025-12-20,2025-12-20 05:32:00,wake,1110,False
6568397684511707120,2025-12-21,2025-12-20 21:41:00,wake,750,False
6568397684511707120,2025-12-21,2025-12-20 21:53:30,light,300,False
6568397684511707120,2025-12-21,2025-12-20 21:58:30,deep,90,False
6568397684511707120,2025-12-21,2025-12-20 22:00:00,light,30,False
6568397684511707120,2025-12-21,2025-12-20 22:00:30,deep,90,False
6568397684511707120,2025-12-21,2025-12-20 22:02:00,light,690,False
6568397684511707120,2025-12-21,2025-12-20 22:02:30,wake,120,True
6568397684511707120,2025-12-21,2025-12-20 22:13:30,deep,30,False
6568397684511707120,2025-12-21,2025-12-20 22:14:00,light,30,False
6568397684511707120,2025-12-21,2025-12-20 22:14:30,deep,30,False
6568397684511707120,2025-12-21,2025-12-20 22:15:00,light,30,False
6568397684511707120,2025-12-21,2025-12-20 22:15:30,deep,1680,False
6568397684511707120,2025-12-21,2025-12-20 22:42:30,wake,60,True
6568397684511707120,2025-12-21,2025-12-20 22:43:30,light,840,False
6568397684511707120,2025-12-21,2025-12-20 22:57:30,rem,870,False
6568397684511707120,2025-12-21,2025-12-20 23:12:00,light,60,False
6568397684511707120,2025-12-21,2025-12-20 23:13:00,rem,30,False
6568397684511707120,2025-12-21,2025-12-20 23:13:30,light,30,False
6568397684511707120,2025-12-21,2025-12-20 23:14:00,rem,30,False
6568397684511707120,2025-12-21,2025-12-20 23:14:30,light,1140,False
6568397684511707120,2025-12-21,2025-12-20 23:33:30,deep,480,False
6568397684511707120,2025-12-21,2025-12-20 23:41:30,light,60,False
6568397684511707120,2025-12-21,2025-12-20 23:42:30,wake,240,False
6568397684511707120,2025-12-21,2025-12-20 23:46:30,light,600,False
6568397684511707120,2025-12-21,2025-12-20 23:56:30,deep,1020,False
6568397684511707120,2025-12-21,2025-12-21 00:13:30,light,4830,False
6568397684511707120,2025-12-21,2025-12-21 00:22:30,wake,60,True
6568397684511707120,2025-12-21,2025-12-21 00:27:30,wake,30,True
6568397684511707120,2025-12-21,2025-12-21 00:47:00,wake,120,True
6568397684511707120,2025-12-21,2025-12-21 00:55:00,wake,120,True
6568397684511707120,2025-12-21,2025-12-21 01:00:30,wake,30,True
6568397684511707120,2025-12-21,2025-12-21 01:06:30,wake,90,True
6568397684511707120,2025-12-21,2025-12-21 01:09:00,wake,60,True
6568397684511707120,2025-12-21,2025-12-21 01:17:00,wake,30,True
6568397684511707120,2025-12-21,2025-12-21 01:22:30,wake,60,True
6568397684511707120,2025-12-21,2025-12-21 01:34:00,rem,2430,False
6568397684511707120,2025-12-21,2025-12-21 02:14:30,light,1770,False
6568397684511707120,2025-12-21,2025-12-21 02:28:30,wake,120,True
6568397684511707120,2025-12-21,2025-12-21 02:44:00,deep,30,False
6568397684511707120,2025-12-21,2025-12-21 02:44:30,light,30,False
6568397684511707120,2025-12-21,2025-12-21 02:45:00,deep,90,False
6568397684511707120,2025-12-21,2025-12-21 02:46:30,light,30,False
6568397684511707120,2025-12-21,2025-12-21 02:47:00,deep,840,False
6568397684511707120,2025-12-21,2025-12-21 03:01:00,light,3870,False
6568397684511707120,2025-12-21,2025-12-21 03:31:30,wake,30,True
6568397684511707120,2025-12-21,2025-12-21 03:40:30,wake,60,True
6568397684511707120,2025-12-21,2025-12-21 03:42:00,wake,120,True
6568397684511707120,2025-12-21,2025-12-21 03:44:30,wake,60,True
6568397684511707120,2025-12-21,2025-12-21 03:53:00,wake,60,True
6568397684511707120,2025-12-21,2025-12-21 04:04:00,wake,60,True
6568397684511707120,2025-12-21,2025-12-21 04:05:30,wake,210,False
6568397684511707120,2025-12-21,2025-12-21 04:09:00,light,540,False
6568397684511707120,2025-12-21,2025-12-21 04:11:30,wake,30,True
6568397684511707120,2025-12-21,2025-12-21 04:18:00,wake,480,False
6568397684511707120,2025-12-21,2025-12-21 04:26:00,light,210,False
6568397684511707120,2025-12-21,2025-12-21 04:27:00,wake,30,True
6568397684511707120,2025-12-21,2025-12-21 04:29:30,rem,30,False
6568397684511707120,2025-12-21,2025-12-21 04:30:00,light,90,False
6568397684511707120,2025-12-21,2025-12-21 04:31:30,rem,1740,False
6568397684511707120,2025-12-21,2025-12-21 04:52:30,wake,150,True
6568397684511707120,2025-12-21,2025-12-21 04:56:30,wake,30,True
6568397684511707120,2025-12-21,2025-12-21 04:59:30,wake,60,True
6568397684511707120,2025-12-21,2025-12-21 05:00:30,light,180,False
6568397684511707120,2025-12-21,2025-12-21 05:03:30,rem,240,False
6568397684511707120,2025-12-21,2025-12-21 05:07:30,light,180,False
6568397684511707120,2025-12-21,2025-12-21 05:10:30,rem,30,False
6568397684511707120,2025-12-21,2025-12-21 05:11:00,light,1260,False
6568397684511707120,2025-12-21,2025-12-21 05:28:30,wake,180,True
6568397684511707120,2025-12-21,2025-12-21 05:32:00,wake,840,False
2452498634305203392,2025-12-22,2025-12-21 22:45:00,wake,420,False
2452498634305203392,2025-12-22,2025-12-21 22:52:00,light,870,False
2452498634305203392,2025-12-22,2025-12-21 23:06:30,deep,120,False
2452498634305203392,2025-12-22,2025-12-21 23:08:30,light,30,False
2452498634305203392,2025-12-22,2025-12-21 23:09:00,deep,1140,False
2452498634305203392,2025-12-22,2025-12-21 23:27:00,wake,60,True
2452498634305203392,2025-12-22,2025-12-21 23:28:00,light,3750,False
2452498634305203392,2025-12-22,2025-12-22 00:30:30,rem,60,False
2452498634305203392,2025-12-22,2025-12-22 00:31:30,light,30,False
2452498634305203392,2025-12-22,2025-12-22 00:32:00,rem,60,False
2452498634305203392,2025-12-22,2025-12-22 00:33:00,light,30,False
2452498634305203392,2025-12-22,2025-12-22 00:33:30,rem,60,False
2452498634305203392,2025-12-22,2025-12-22 00:34:00,wake,30,True
2452498634305203392,2025-12-22,2025-12-22 00:34:30,light,90,False
2452498634305203392,2025-12-22,2025-12-22 00:36:00,rem,30,False
2452498634305203392,2025-12-22,2025-12-22 00:36:30,light,90,False
2452498634305203392,2025-12-22,2025-12-22 00:38:00,rem,90,False
2452498634305203392,2025-12-22,2025-12-22 00:39:30,light,90,False
2452498634305203392,2025-12-22,2025-12-22 00:41:00,rem,90,False
2452498634305203392,2025-12-22,2025-12-22 00:42:30,light,30,False
2452498634305203392,2025-12-22,2025-12-22 00:43:00,rem,2400,False
2452498634305203392,2025-12-22,2025-12-22 01:22:00,wake,60,True
2452498634305203392,2025-12-22,2025-12-22 01:23:00,light,960,False
2452498634305203392,2025-12-22,2025-12-22 01:24:30,wake,30,True
2452498634305203392,2025-12-22,2025-12-22 01:28:00,wake,60,True
2452498634305203392,2025-12-22,2025-12-22 01:39:00,deep,1740,False
2452498634305203392,2025-12-22,2025-12-22 02:06:30,wake,90,True
2452498634305203392,2025-12-22,2025-12-22 02:08:00,light,3120,False
2452498634305203392,2025-12-22,2025-12-22 02:30:30,wake,30,True
2452498634305203392,2025-12-22,2025-12-22 02:35:30,wake,30,True
2452498634305203392,2025-12-22,2025-12-22 02:44:00,wake,60,True
2452498634305203392,2025-12-22,2025-12-22 02:47:00,wake,120,True
2452498634305203392,2025-12-22,2025-12-22 03:00:00,wake,210,False
2452498634305203392,2025-12-22,2025-12-22 03:03:30,light,1230,False
2452498634305203392,2025-12-22,2025-12-22 03:04:30,wake,60,True
2452498634305203392,2025-12-22,2025-12-22 03:10:00,wake,90,True
2452498634305203392,2025-12-22,2025-12-22 03:19:30,wake,30,True
2452498634305203392,2025-12-22,2025-12-22 03:21:30,wake,120,True
2452498634305203392,2025-12-22,2025-12-22 03:24:00,wake,780,False
2452498634305203392,2025-12-22,2025-12-22 03:37:00,light,750,False
2452498634305203392,2025-12-22,2025-12-22 03:49:30,rem,2760,False
2452498634305203392,2025-12-22,2025-12-22 03:51:30,wake,60,True
2452498634305203392,2025-12-22,2025-12-22 04:17:00,wake,30,True
2452498634305203392,2025-12-22,2025-12-22 04:35:30,light,30,False
2452498634305203392,2025-12-22,2025-12-22 04:36:00,rem,150,False
2452498634305203392,2025-12-22,2025-12-22 04:38:30,light,3810,False
2452498634305203392,2025-12-22,2025-12-22 04:41:30,wake,60,True
2452498634305203392,2025-12-22,2025-12-22 05:09:30,wake,150,True
2452498634305203392,2025-12-22,2025-12-22 05:32:30,wake,120,True
2452498634305203392,2025-12-22,2025-12-22 05:42:00,rem,60,False
2452498634305203392,2025-12-22,2025-12-22 05:43:00,light,30,False
2452498634305203392,2025-12-22,2025-12-22 05:43:30,rem,210,False
2452498634305203392,2025-12-22,2025-12-22 05:47:00,wake,600,False
5254163325963072336,2025-12-23,2025-12-22 22:22:30,wake,600,False
5254163325963072336,2025-12-23,2025-12-22 22:32:30,light,480,False
5254163325963072336,2025-12-23,2025-12-22 22:40:30,deep,3000,False
5254163325963072336,2025-12-23,2025-12-22 23:29:00,wake,90,True
5254163325963072336,2025-12-23,2025-12-22 23:30:30,light,630,False
5254163325963072336,2025-12-23,2025-12-22 23:41:00,rem,1020,False
5254163325963072336,2025-12-23,2025-12-22 23:49:30,wake,30,True
5254163325963072336,2025-12-23,2025-12-22 23:51:30,wake,60,True
5254163325963072336,2025-12-23,2025-12-22 23:58:00,light,60,False
5254163325963072336,2025-12-23,2025-12-22 23:59:00,rem,60,False
5254163325963072336,2025-12-23,2025-12-23 00:00:00,light,1050,False
5254163325963072336,2025-12-23,2025-12-23 00:07:00,wake,90,True
5254163325963072336,2025-12-23,2025-12-23 00:17:30,deep,120,False
5254163325963072336,2025-12-23,2025-12-23 00:19:30,light,240,False
5254163325963072336,2025-12-23,2025-12-23 00:23:30,deep,1530,False
5254163325963072336,2025-12-23,2025-12-23 00:49:00,light,30,False
5254163325963072336,2025-12-23,2025-12-23 00:49:30,deep,150,False
5254163325963072336,2025-12-23,2025-12-23 00:52:00,light,3630,False
5254163325963072336,2025-12-23,2025-12-23 00:59:30,wake,30,True
5254163325963072336,2025-12-23,2025-12-23 01:23:00,wake,150,True
5254163325963072336,2025-12-23,2025-12-23 01:35:00,wake,150,True
5254163325963072336,2025-12-23,2025-12-23 01:52:30,rem,2730,False
5254163325963072336,2025-12-23,2025-12-23 01:55:00,wake,30,True
5254163325963072336,2025-12-23,2025-12-23 02:00:30,wake,30,True
5254163325963072336,2025-12-23,2025-12-23 02:38:00,wake,240,False
5254163325963072336,2025-12-23,2025-12-23 02:42:00,light,1620,False
5254163325963072336,2025-12-23,2025-12-23 03:09:00,deep,690,False
5254163325963072336,2025-12-23,2025-12-23 03:20:30,light,30,False
5254163325963072336,2025-12-23,2025-12-23 03:21:00,deep,330,False
5254163325963072336,2025-12-23,2025-12-23 03:26:30,light,1950,False
5254163325963072336,2025-12-23,2025-12-23 03:52:30,wake,60,True
5254163325963072336,2025-12-23,2025-12-23 03:59:00,rem,1950,False
5254163325963072336,2025-12-23,2025-12-23 04:19:30,wake,120,True
5254163325963072336,2025-12-23,2025-12-23 04:30:30,wake,60,True
5254163325963072336,2025-12-23,2025-12-23 04:31:30,light,4320,False
5254163325963072336,2025-12-23,2025-12-23 04:36:00,wake,30,True
5254163325963072336,2025-12-23,2025-12-23 04:52:00,wake,30,True
5254163325963072336,2025-12-23,2025-12-23 05:19:00,wake,60,True
5254163325963072336,2025-12-23,2025-12-23 05:28:30,wake,120,True
5254163325963072336,2025-12-23,2025-12-23 05:41:30,wake,120,True
5254163325963072336,2025-12-23,2025-12-23 05:43:30,rem,750,False
5254163325963072336,2025-12-23,2025-12-23 05:47:00,wake,120,True
5254163325963072336,2025-12-23,2025-12-23 05:56:00,wake,510,False
5254163325963072336,2025-12-23,2025-12-23 06:04:30,rem,90,False
5254163325963072336,2025-12-23,2025-12-23 06:06:00,wake,270,False
