dateOfSleep,startTime,endTime,duration,timeInBed,efficiency,minutesAsleep,minutesAwake,minutesAfterWakeup,minutesToFallAsleep,logId,logType,type,infoCode,isMainSleep,deepMinutes,lightMinutes,remMinutes,wakeMinutes,deepCount,lightCount,remCount,wakeCount,deepAvg30,lightAvg30,remAvg30,wakeAvg30
2025-01-05,2025-01-04T22:17:30.000,2025-01-05T05:33:00.000,24900000,415,89,370,45,20,0,3658461866274873688,auto_detected,stages,0,True,80.0,218.0,92.0,45.0,6.0,31.0,4.0,30.0,71.0,249.0,87.0,62.0
2025-01-06,2025-01-05T22:13:00.000,2025-01-06T06:27:30.000,25200000,420,86,363,57,74,0,2142586737463238000,auto_detected,stages,0,True,73.0,262.0,101.0,57.0,3.0,37.0,11.0,39.0,72.0,247.0,88.0,61.0
2025-01-07,2025-01-06T21:30:00.000,2025-01-07T05:58:30.000,26940000,449,85,381,68,59,0,7316048875103527216,auto_detected,stages,0,True,84.0,243.0,113.0,68.0,5.0,23.0,4.0,24.0,72.0,249.0,88.0,61.0
2025-01-08,2025-01-07T21:53:30.000,2025-01-08T06:21:00.000,28080000,468,84,393,75,39,0,6337813529171081704,auto_detected,stages,0,True,57.0,307.0,67.0,75.0,2.0,34.0,4.0,32.0,73.0,250.0,89.0,62.0
2025-01-09,2025-01-08T22:56:00.000,2025-01-09T06:32:00.000,26520000,442,88,390,52,14,0,1535579368307029088,auto_detected,stages,0,True,59.0,234.0,110.0,52.0,3.0,32.0,9.0,34.0,73.0,253.0,87.0,63.0
2025-01-10,2025-01-09T23:30:30.000,2025-01-10T05:44:00.000,20760000,346,85,295,51,27,0,6137741350833113280,auto_detected,stages,0,True,69.0,180.0,72.0,51.0,3.0,25.0,6.0,24.0,73.0,252.0,88.0,63.0
2025-01-11,2025-01-10T22:20:30.000,2025-01-11T05:35:00.000,24540000,409,87,354,55,25,0,3640390017560642648,auto_detected,stages,0,True,47.0,277.0,54.0,55.0,2.0,35.0,4.0,34.0,72.0,251.0,88.0,63.0
2025-01-12,2025-01-11T22:41:30.000,2025-01-12T07:02:00.000,29340000,489,87,426,63,11,0,3711856593217628384,auto_detected,stages,0,True,64.0,282.0,90.0,63.0,3.0,36.0,10.0,39.0,71.0,253.0,87.0,64.0
2025-01-13,2025-01-12T23:51:30.000,2025-01-13T07:23:00.000,23700000,395,85,336,59,56,0,1915915240782025408,auto_detected,stages,0,True,72.0,224.0,95.0,59.0,2.0,33.0,8.0,35.0,71.0,253.0,87.0,64.0
2025-01-14,2025-01-13T23:14:30.000,2025-01-14T06:17:00.000,23400000,390,81,316,74,32,0,7376143122244896280,auto_detected,stages,0,True,78.0,197.0,73.0,74.0,4.0,23.0,8.0,20.0,71.0,252.0,87.0,64.0
2025-01-15,2025-01-15T00:02:30.000,2025-01-15T06:18:30.000,18180000,303,82,249,54,73,0,9050579339103561568,auto_detected,stages,0,True,68.0,194.0,59.0,54.0,2.0,19.0,7.0,21.0,72.0,251.0,87.0,65.0
2025-01-16,2025-01-15T22:03:00.000,2025-01-16T06:31:00.000,26940000,449,83,371,78,59,0,2241349066706076672,auto_detected,stages,0,True,101.0,238.0,90.0,78.0,4.0,33.0,4.0,31.0,71.0,246.0,87.0,64.0
2025-01-17,2025-01-16T23:20:30.000,2025-01-17T05:57:30.000,21780000,363,86,313,50,34,0,6730529700981987824,auto_detected,stages,0,True,35.0,220.0,91.0,50.0,1.0,27.0,8.0,30.0,72.0,249.0,86.0,65.0
2025-01-20,2025-01-19T23:40:30.000,2025-01-20T07:26:30.000,27480000,458,86,395,63,8,0,1004585761004509728,auto_detected,stages,0,True,76.0,231.0,94.0,63.0,4.0,36.0,8.0,37.0,72.0,252.0,87.0,66.0
2025-01-21,2025-01-20T23:50:30.000,2025-01-21T06:40:30.000,24060000,401,86,346,55,9,0,8385207531486663352,auto_detected,stages,0,True,59.0,228.0,67.0,55.0,3.0,25.0,11.0,26.0,72.0,252.0,86.0,65.0
2025-01-22,2025-01-21T22:15:00.000,2025-01-22T06:26:30.000,26520000,442,85,374,68,49,0,3676904546424386360,auto_detected,stages,0,True,73.0,253.0,96.0,68.0,3.0,19.0,10.0,21.0,71.0,251.0,86.0,65.0
2025-01-23,2025-01-23T00:51:30.000,2025-01-23T06:23:30.000,15720000,262,76,200,62,70,0,127305175709215808,auto_detected,stages,0,True,69.0,116.0,83.0,62.0,2.0,19.0,4.0,18.0,70.0,250.0,87.0,65.0
2025-01-24,2025-01-24T01:02:30.000,2025-01-24T06:15:00.000,17580000,293,87,255,38,19,0,5183117008598749408,auto_detected,stages,0,True,72.0,148.0,54.0,38.0,2.0,21.0,3.0,21.0,70.0,243.0,88.0,65.0
2025-02-12,2025-02-11T23:10:00.000,2025-02-12T05:51:00.000,22380000,373,88,327,46,28,0,6578614506254647192,auto_detected,stages,0,True,70.0,199.0,85.0,46.0,2.0,19.0,7.0,21.0,70.0,205.0,80.0,60.0
2025-02-13,2025-02-12T23:45:00.000,2025-02-13T06:06:00.000,21180000,353,86,302,51,28,0,4523242657229563624,auto_detected,stages,0,True,61.0,195.0,73.0,51.0,3.0,22.0,9.0,24.0,70.0,202.0,79.0,59.0
2025-02-14,2025-02-13T23:07:00.000,2025-02-14T07:25:30.000,29880000,498,86,429,69,0,0,144963038159636376,auto_detected,stages,0,True,60.0,274.0,95.0,69.0,2.0,27.0,9.0,30.0,68.0,202.0,79.0,57.0
2025-02-15,2025-02-15T00:24:00.000,2025-02-15T07:47:30.000,25680000,428,86,366,62,15,0,195969296383796872,auto_detected,stages,0,True,72.0,193.0,116.0,62.0,3.0,23.0,5.0,21.0,68.0,210.0,83.0,58.0
2025-02-16,2025-02-15T22:26:00.000,2025-02-16T05:14:00.000,22680000,378,84,319,59,30,0,1781423593940972848,auto_detected,stages,0,True,76.0,215.0,58.0,59.0,5.0,25.0,5.0,22.0,65.0,206.0,85.0,56.0
2025-02-17,2025-02-17T01:25:00.000,2025-02-17T07:57:00.000,23520000,392,85,334,58,0,0,7761169733710035360,auto_detected,stages,0,True,71.0,187.0,75.0,58.0,3.0,23.0,9.0,24.0,69.0,205.0,82.0,57.0
2025-02-18,2025-02-18T00:21:00.000,2025-02-18T06:55:30.000,21600000,360,83,300,60,34,0,8325250472051167920,auto_detected,stages,0,True,69.0,224.0,41.0,60.0,6.0,23.0,4.0,23.0,69.0,204.0,81.0,57.0
2025-02-19,2025-02-18T22:39:30.000,2025-02-19T06:04:30.000,26100000,435,88,381,54,10,0,3679656950888745816,auto_detected,stages,0,True,75.0,209.0,107.0,54.0,2.0,26.0,12.0,33.0,69.0,205.0,78.0,58.0
2025-02-20,2025-02-19T23:04:00.000,2025-02-20T05:40:30.000,22680000,378,86,326,52,18,0,4510002929130337392,auto_detected,stages,0,True,54.0,228.0,61.0,52.0,2.0,21.0,5.0,22.0,69.0,203.0,79.0,57.0
2025-02-21,2025-02-20T22:10:30.000,2025-02-21T06:09:30.000,27300000,455,87,394,61,24,0,947572075527492480,auto_detected,stages,0,True,87.0,229.0,101.0,61.0,3.0,24.0,10.0,30.0,69.0,203.0,79.0,57.0
2025-02-22,2025-02-21T23:56:00.000,2025-02-22T06:41:30.000,23940000,399,83,333,66,6,0,2481261909542038344,auto_detected,stages,0,True,45.0,200.0,93.0,66.0,2.0,19.0,7.0,23.0,70.0,201.0,79.0,56.0
2025-02-23,2025-02-22T23:58:30.000,2025-02-23T06:41:30.000,23700000,395,80,316,79,8,0,1487303396290743720,auto_detected,stages,0,True,47.0,204.0,72.0,79.0,3.0,26.0,5.0,27.0,68.0,208.0,80.0,56.0
2025-02-24,2025-02-24T01:13:00.000,2025-02-24T06:56:00.000,18060000,301,85,255,46,42,0,1833279964918091664,auto_detected,stages,0,True,68.0,154.0,74.0,46.0,2.0,15.0,5.0,16.0,66.0,213.0,81.0,60.0
2025-02-25,2025-02-24T23:16:00.000,2025-02-25T05:17:30.000,21660000,361,82,295,66,0,0,8683139828959998456,auto_detected,stages,0,True,62.0,171.0,61.0,66.0,2.0,20.0,8.0,20.0,66.0,209.0,81.0,59.0
2025-02-26,2025-02-25T23:07:30.000,2025-02-26T05:55:30.000,21180000,353,83,294,59,55,0,5330515724780136576,auto_detected,stages,0,True,40.0,208.0,100.0,59.0,3.0,21.0,6.0,19.0,66.0,206.0,79.0,59.0
2025-02-27,2025-02-26T22:34:00.000,2025-02-27T05:53:30.000,24360000,406,82,333,73,33,0,685685269475241984,auto_detected,stages,0,True,60.0,207.0,99.0,73.0,3.0,25.0,7.0,26.0,64.0,206.0,81.0,59.0
2025-02-28,2025-02-27T22:27:30.000,2025-02-28T07:06:30.000,26280000,438,84,367,71,81,0,832591412841334536,auto_detected,stages,0,True,86.0,281.0,80.0,71.0,4.0,26.0,12.0,29.0,64.0,206.0,82.0,60.0
2025-03-01,2025-03-01T00:14:00.000,2025-03-01T07:30:30.000,23760000,396,82,323,73,40,0,5109908261779094248,auto_detected,stages,0,True,91.0,201.0,71.0,73.0,2.0,25.0,11.0,29.0,65.0,210.0,82.0,61.0
2025-03-04,2025-03-03T23:26:00.000,2025-03-04T05:54:30.000,21540000,359,84,303,56,29,0,672783589990380144,auto_detected,stages,0,True,60.0,202.0,70.0,56.0,4.0,33.0,6.0,32.0,66.0,210.0,81.0,61.0
2025-03-05,2025-03-04T21:40:00.000,2025-03-05T06:38:30.000,27720000,462,85,392,70,76,0,889689801800343104,auto_detected,stages,0,True,75.0,273.0,119.0,70.0,4.0,33.0,13.0,36.0,66.0,210.0,81.0,61.0
2025-03-06,2025-03-05T23:03:00.000,2025-03-06T06:14:30.000,25860000,431,87,377,54,0,0,8668578340327136760,auto_detected,stages,0,True,82.0,210.0,84.0,54.0,4.0,35.0,7.0,33.0,66.0,213.0,83.0,62.0
2025-03-07,2025-03-06T22:35:30.000,2025-03-07T06:24:00.000,24900000,415,81,336,79,53,0,4774240801845308480,auto_detected,stages,0,True,84.0,246.0,59.0,79.0,5.0,31.0,6.0,31.0,67.0,213.0,83.0,61.0
2025-03-08,2025-03-07T22:30:00.000,2025-03-08T05:37:00.000,21360000,356,78,278,78,71,0,1661150154702462408,auto_detected,stages,0,True,77.0,204.0,67.0,78.0,2.0,25.0,7.0,27.0,68.0,214.0,82.0,62.0
2025-03-09,2025-03-08T23:36:00.000,2025-03-09T07:12:00.000,26580000,443,84,373,70,13,0,4544909729321111824,auto_detected,stages,0,True,43.0,274.0,68.0,70.0,3.0,30.0,7.0,24.0,68.0,214.0,81.0,63.0
2025-03-10,2025-03-09T22:57:30.000,2025-03-10T06:16:30.000,24180000,403,88,354,49,36,0,5941170213817012320,auto_detected,stages,0,True,80.0,216.0,93.0,49.0,5.0,22.0,12.0,28.0,67.0,216.0,80.0,63.0
2025-03-11,2025-03-10T22:19:00.000,2025-03-11T06:30:00.000,25080000,418,81,337,81,73,0,3404720739626548576,auto_detected,stages,0,True,65.0,284.0,60.0,81.0,4.0,36.0,5.0,30.0,68.0,216.0,81.0,62.0
2025-03-12,2025-03-11T22:23:30.000,2025-03-12T05:44:00.000,24360000,406,85,347,59,34,0,1049093131876045848,auto_detected,stages,0,True,71.0,238.0,72.0,59.0,4.0,27.0,6.0,27.0,68.0,219.0,80.0,63.0
2025-03-13,2025-03-12T23:15:00.000,2025-03-13T05:55:30.000,22980000,383,86,331,52,17,0,6024499273841128152,auto_detected,stages,0,True,62.0,184.0,102.0,52.0,3.0,19.0,10.0,23.0,68.0,219.0,80.0,63.0
2025-03-14,2025-03-13T23:28:30.000,2025-03-14T06:17:00.000,24480000,408,83,340,68,0,0,3240568308538602888,auto_detected,stages,0,True,57.0,213.0,70.0,68.0,3.0,16.0,8.0,20.0,68.0,218.0,81.0,63.0
2025-03-15,2025-03-15T00:31:00.000,2025-03-15T06:16:30.000,18300000,305,81,247,58,40,0,9031464514667218560,auto_detected,stages,0,True,74.0,149.0,64.0,58.0,3.0,22.0,5.0,23.0,67.0,219.0,80.0,63.0
2025-03-21,2025-03-20T22:52:30.000,2025-03-21T05:59:30.000,24600000,410,82,338,72,17,0,5687363400931608720,auto_detected,stages,0,True,81.0,210.0,63.0,72.0,5.0,30.0,7.0,33.0,67.0,217.0,80.0,64.0
2025-03-22,2025-03-21T22:24:30.000,2025-03-22T07:12:30.000,31200000,520,84,437,83,8,0,8375965330538281584,auto_detected,stages,0,True,70.0,286.0,88.0,83.0,2.0,33.0,11.0,36.0,67.0,217.0,78.0,65.0
2025-03-23,2025-03-22T23:01:00.000,2025-03-23T05:44:30.000,19440000,324,82,266,58,79,0,7252057235607413984,auto_detected,stages,0,True,67.0,214.0,63.0,58.0,3.0,23.0,6.0,26.0,68.0,219.0,80.0,66.0
2025-03-24,2025-03-23T21:23:00.000,2025-03-24T06:08:00.000,31500000,525,86,452,73,0,0,6662269601941413240,auto_detected,stages,0,True,69.0,284.0,98.0,73.0,5.0,23.0,14.0,28.0,67.0,219.0,78.0,66.0
2025-03-25,2025-03-24T22:54:00.000,2025-03-25T06:08:30.000,26040000,434,84,365,69,0,0,7216691831124611712,auto_detected,stages,0,True,92.0,193.0,80.0,69.0,4.0,27.0,6.0,28.0,68.0,222.0,78.0,66.0
2025-03-26,2025-03-25T22:33:00.000,2025-03-26T06:23:30.000,26940000,449,86,387,62,21,0,2565037208801861616,auto_detected,stages,0,True,93.0,169.0,146.0,62.0,4.0,21.0,9.0,24.0,70.0,222.0,78.0,66.0
2025-03-27,2025-03-26T23:23:00.000,2025-03-27T06:31:30.000,18480000,308,74,227,81,120,0,4451255178172372336,auto_detected,stages,0,True,52.0,219.0,75.0,81.0,2.0,25.0,4.0,25.0,71.0,222.0,82.0,67.0
2025-03-28,2025-03-27T22:41:00.000,2025-03-28T06:51:30.000,28620000,477,86,412,65,13,0,1436687054160231064,auto_detected,stages,0,True,87.0,245.0,93.0,65.0,5.0,30.0,11.0,35.0,71.0,225.0,82.0,67.0
2025-03-29,2025-03-29T18:10:30.000,2025-03-29T21:13:00.000,10200000,170,78,133,37,12,0,5040570428988123536,auto_detected,stages,0,False,0.0,110.0,35.0,37.0,0.0,12.0,2.0,11.0,73.0,226.0,82.0,68.0
2025-03-30,2025-03-30T06:17:30.000,2025-03-30T10:56:30.000,15780000,263,85,223,40,16,0,2916966743843105576,auto_detected,stages,0,True,50.0,134.0,54.0,40.0,2.0,14.0,3.0,16.0,71.0,235.0,82.0,70.0
2025-03-31,2025-03-30T22:09:30.000,2025-03-31T06:49:00.000,28680000,478,86,410,68,41,0,8596402179736615096,auto_detected,stages,0,True,52.0,300.0,99.0,68.0,5.0,22.0,10.0,25.0,70.0,228.0,81.0,68.0
2025-04-01,2025-03-31T22:38:00.000,2025-04-01T06:35:30.000,26220000,437,84,365,72,40,0,8248317656949902096,auto_detected,stages,0,True,55.0,273.0,77.0,72.0,3.0,32.0,8.0,30.0,68.0,233.0,82.0,68.0
2025-04-02,2025-04-02T00:05:00.000,2025-04-02T06:35:30.000,21180000,353,86,304,49,37,0,2848488800438181040,auto_detected,stages,0,True,66.0,169.0,106.0,49.0,3.0,24.0,9.0,29.0,68.0,234.0,82.0,68.0
2025-04-03,2025-04-03T21:00:30.000,2025-04-03T22:01:30.000,3660000,61,18,11,50,0,0,4373134249157056496,auto_detected,classic,2,False,,,,,,,,,,,,
2025-04-03,2025-04-02T19:42:00.000,2025-04-03T08:18:00.000,32220000,537,81,434,103,219,0,4598552748161905736,auto_detected,stages,0,True,117.0,417.0,117.0,103.0,7.0,46.0,11.0,46.0,68.0,232.0,83.0,67.0
2025-04-04,2025-04-03T23:30:00.000,2025-04-04T06:08:30.000,22140000,369,85,314,55,29,0,3978701022983661944,auto_detected,stages,0,True,63.0,207.0,72.0,55.0,4.0,31.0,8.0,34.0,70.0,242.0,85.0,70.0
2025-04-05,2025-04-04T21:01:30.000,2025-04-05T07:44:00.000,38520000,642,88,564,78,0,0,6262104059227202320,auto_detected,stages,0,True,95.0,360.0,109.0,78.0,3.0,52.0,12.0,48.0,69.0,240.0,83.0,69.0
2025-04-06,2025-04-05T22:33:00.000,2025-04-06T07:12:30.000,28140000,469,86,404,65,50,0,4710446860243389216,auto_detected,stages,0,True,64.0,316.0,74.0,65.0,3.0,31.0,10.0,35.0,70.0,246.0,84.0,70.0
2025-04-07,2025-04-06T22:39:30.000,2025-04-07T06:39:00.000,26340000,439,88,388,51,40,0,2354785562120714584,auto_detected,stages,0,True,81.0,261.0,86.0,51.0,5.0,35.0,11.0,38.0,69.0,249.0,85.0,70.0
2025-04-08,2025-04-07T23:00:30.000,2025-04-08T06:24:30.000,23160000,386,83,321,65,58,0,6920286256089696800,auto_detected,stages,0,True,87.0,211.0,80.0,65.0,3.0,27.0,4.0,26.0,69.0,251.0,85.0,69.0
2025-04-09,2025-04-08T22:37:00.000,2025-04-09T06:48:00.000,27000000,450,85,384,66,41,0,8723456332056568384,auto_detected,stages,0,True,84.0,243.0,97.0,66.0,5.0,28.0,15.0,37.0,71.0,248.0,86.0,68.0
2025-04-10,2025-04-09T22:14:00.000,2025-04-10T05:57:30.000,25680000,428,87,372,56,35,0,7825083517521686680,auto_detected,stages,0,True,75.0,235.0,97.0,56.0,3.0,27.0,10.0,32.0,71.0,249.0,86.0,69.0
2025-04-11,2025-04-10T23:06:00.000,2025-04-11T07:06:30.000,28320000,472,86,407,65,8,0,348944899429950008,auto_detected,stages,0,True,93.0,250.0,72.0,65.0,5.0,37.0,4.0,36.0,72.0,247.0,88.0,68.0
2025-04-12,2025-04-11T22:54:00.000,2025-04-12T05:55:00.000,21360000,356,87,308,48,65,0,3064124273365638704,auto_detected,stages,0,True,47.0,240.0,84.0,48.0,3.0,31.0,7.0,33.0,72.0,248.0,88.0,68.0
2025-04-13,2025-04-12T23:48:30.000,2025-04-13T06:28:00.000,23040000,384,83,318,66,15,0,3400446371817959856,auto_detected,stages,0,True,51.0,209.0,72.0,66.0,4.0,26.0,5.0,26.0,72.0,250.0,87.0,68.0
2025-04-14,2025-04-13T22:04:00.000,2025-04-14T06:29:30.000,26400000,440,85,376,64,65,0,4691726375931227432,auto_detected,stages,0,True,121.0,198.0,121.0,64.0,4.0,22.0,13.0,29.0,72.0,250.0,87.0,68.0
2025-04-15,2025-04-14T23:28:00.000,2025-04-15T05:22:00.000,18000000,300,81,244,56,54,0,8839765772735902008,auto_detected,stages,0,True,64.0,193.0,41.0,56.0,5.0,25.0,3.0,24.0,73.0,252.0,89.0,68.0
2025-04-16,2025-04-15T22:54:30.000,2025-04-16T07:11:30.000,14400000,240,60,143,97,257,0,518923313724383440,auto_detected,stages,0,True,68.0,268.0,63.0,97.0,4.0,39.0,8.0,36.0,73.0,250.0,87.0,68.0
2025-04-17,2025-04-16T21:51:30.000,2025-04-17T06:42:30.000,25980000,433,86,373,60,98,0,8360696376106136752,auto_detected,stages,0,True,73.0,310.0,86.0,60.0,6.0,31.0,9.0,35.0,73.0,250.0,86.0,69.0
2025-04-18,2025-04-17T22:38:30.000,2025-04-18T07:08:00.000,29700000,495,88,435,60,14,0,3216821674778979056,auto_detected,stages,0,True,71.0,296.0,82.0,60.0,1.0,28.0,13.0,34.0,73.0,252.0,86.0,69.0
2025-04-19,2025-04-19T00:02:30.000,2025-04-19T06:29:30.000,23220000,387,88,341,46,0,0,4236674444962293200,auto_detected,stages,0,True,68.0,193.0,80.0,46.0,4.0,21.0,3.0,19.0,73.0,254.0,86.0,68.0
2025-04-21,2025-04-21T01:39:30.000,2025-04-21T06:44:00.000,15180000,253,85,216,37,51,0,3213432372709032416,auto_detected,stages,0,True,48.0,152.0,67.0,37.0,2.0,20.0,6.0,20.0,72.0,253.0,87.0,67.0
2025-04-22,2025-04-21T22:30:00.000,2025-04-22T06:06:00.000,26220000,437,83,362,75,19,0,4691886009748576128,auto_detected,stages,0,True,65.0,253.0,62.0,75.0,3.0,23.0,6.0,22.0,72.0,249.0,86.0,66.0
2025-04-23,2025-04-22T23:40:00.000,2025-04-23T06:35:00.000,24900000,415,86,358,57,0,0,2544119081600068464,auto_detected,stages,0,True,72.0,216.0,69.0,57.0,3.0,33.0,9.0,34.0,72.0,250.0,86.0,66.0
2025-04-24,2025-04-23T22:20:00.000,2025-04-24T06:22:00.000,28380000,473,88,414,59,9,0,876524926534113016,auto_detected,stages,0,True,55.0,271.0,96.0,59.0,5.0,31.0,9.0,31.0,72.0,248.0,85.0,66.0
2025-04-25,2025-04-24T22:37:00.000,2025-04-25T06:36:30.000,28740000,479,86,411,68,0,0,3981417291027206360,auto_detected,stages,0,True,55.0,278.0,77.0,68.0,4.0,38.0,8.0,38.0,70.0,250.0,86.0,65.0
2025-04-26,2025-04-25T23:57:00.000,2025-04-26T07:15:00.000,18660000,311,81,251,60,127,0,5906911848709983320,auto_detected,stages,0,True,64.0,228.0,85.0,60.0,6.0,27.0,8.0,26.0,69.0,254.0,83.0,66.0
2025-04-27,2025-04-27T00:17:00.000,2025-04-27T05:39:30.000,19320000,322,90,291,31,0,0,3222463961970798784,auto_detected,stages,0,True,61.0,187.0,43.0,31.0,3.0,21.0,4.0,23.0,69.0,255.0,84.0,65.0
2025-04-28,2025-04-27T23:12:00.000,2025-04-28T06:27:30.000,24480000,408,87,356,52,27,0,7897821241306180240,auto_detected,stages,0,True,100.0,184.0,99.0,52.0,5.0,29.0,8.0,32.0,69.0,253.0,82.0,64.0
2025-04-29,2025-04-28T23:37:30.000,2025-04-29T06:16:00.000,22560000,376,83,311,65,22,0,7024316972419297264,auto_detected,stages,0,True,76.0,176.0,80.0,65.0,3.0,22.0,6.0,22.0,71.0,245.0,82.0,61.0
2025-04-30,2025-04-29T22:58:30.000,2025-04-30T07:16:00.000,29820000,497,88,435,62,0,0,4634816028119658920,auto_detected,stages,0,True,100.0,221.0,114.0,62.0,5.0,33.0,14.0,35.0,72.0,246.0,83.0,62.0
2025-05-01,2025-04-30T22:47:00.000,2025-05-01T05:42:30.000,23340000,389,89,345,44,26,0,148555203227198048,auto_detected,stages,0,True,57.0,247.0,67.0,44.0,3.0,29.0,6.0,31.0,74.0,244.0,83.0,62.0
2025-05-02,2025-05-01T22:35:00.000,2025-05-02T06:32:30.000,28260000,471,86,407,64,6,0,552399603556042544,auto_detected,stages,0,True,79.0,239.0,95.0,64.0,4.0,21.0,9.0,24.0,74.0,243.0,83.0,61.0
2025-05-03,2025-05-02T22:26:00.000,2025-05-03T06:07:30.000,24780000,413,86,354,59,48,0,6877946734222168216,auto_detected,stages,0,True,38.0,267.0,97.0,59.0,3.0,24.0,7.0,23.0,74.0,245.0,82.0,62.0
2025-05-04,2025-05-03T21:59:00.000,2025-05-04T05:55:00.000,28560000,476,84,401,75,0,0,1735256118306209192,auto_detected,stages,0,True,83.0,218.0,99.0,75.0,3.0,21.0,6.0,18.0,72.0,238.0,82.0,60.0
2025-05-05,2025-05-04T22:52:30.000,2025-05-05T05:57:30.000,24360000,406,85,347,59,19,0,6150551712377261288,auto_detected,stages,0,True,63.0,230.0,72.0,59.0,3.0,29.0,8.0,29.0,72.0,239.0,83.0,60.0
2025-05-06,2025-05-05T23:07:00.000,2025-05-06T05:40:00.000,17460000,291,78,228,63,102,0,5006491492530751336,auto_detected,stages,0,True,85.0,171.0,73.0,63.0,4.0,25.0,9.0,27.0,71.0,234.0,81.0,60.0
2025-05-07,2025-05-06T22:16:30.000,2025-05-07T05:28:30.000,24660000,411,87,356,55,21,0,2015311436767422032,auto_detected,stages,0,True,87.0,188.0,101.0,55.0,3.0,29.0,11.0,31.0,72.0,229.0,81.0,60.0
2025-05-08,2025-05-07T21:46:30.000,2025-05-08T05:29:30.000,25620000,427,84,360,67,36,0,1431202740138461792,auto_detected,stages,0,True,66.0,204.0,125.0,67.0,4.0,24.0,13.0,30.0,72.0,227.0,82.0,60.0
2025-05-09,2025-05-08T22:40:00.000,2025-05-09T05:40:30.000,24000000,400,81,324,76,20,0,4188954954789982832,auto_detected,stages,0,True,78.0,177.0,88.0,76.0,7.0,25.0,7.0,25.0,71.0,226.0,83.0,60.0
2025-05-10,2025-05-09T23:54:30.000,2025-05-10T05:33:00.000,17700000,295,84,247,48,43,0,4747668160423358888,auto_detected,stages,0,True,57.0,154.0,78.0,48.0,3.0,16.0,8.0,20.0,71.0,224.0,83.0,60.0
2025-05-11,2025-05-11T00:01:30.000,2025-05-11T05:41:00.000,18900000,315,91,288,27,24,0,8623045874929849784,auto_detected,stages,0,True,44.0,171.0,97.0,27.0,2.0,12.0,6.0,13.0,71.0,221.0,82.0,60.0
2025-05-12,2025-05-11T22:57:00.000,2025-05-12T06:35:00.000,21840000,364,82,298,66,94,0,5181065223113454968,auto_detected,stages,0,True,99.0,181.0,111.0,66.0,6.0,30.0,15.0,35.0,69.0,219.0,83.0,59.0
2025-05-13,2025-05-13T00:10:00.000,2025-05-13T06:35:30.000,23100000,385,84,323,62,0,0,2986770586020685328,auto_detected,stages,0,True,61.0,185.0,76.0,62.0,4.0,26.0,4.0,24.0,71.0,217.0,84.0,59.0
2025-05-14,2025-05-13T23:52:00.000,2025-05-14T06:46:00.000,20760000,346,73,253,93,68,0,8678074314541893664,auto_detected,stages,0,True,74.0,194.0,52.0,93.0,3.0,22.0,3.0,18.0,71.0,216.0,84.0,59.0
2025-05-15,2025-05-14T23:51:00.000,2025-05-15T11:35:30.000,41640000,694,84,581,113,10,0,8410221212651296104,auto_detected,stages,0,True,78.0,429.0,84.0,113.0,5.0,39.0,12.0,41.0,69.0,216.0,82.0,60.0
2025-05-16,2025-05-16T00:07:00.000,2025-05-16T09:13:00.000,31680000,528,87,457,71,18,0,4950838031562659168,auto_detected,stages,0,True,138.0,231.0,105.0,71.0,4.0,34.0,12.0,39.0,71.0,226.0,84.0,63.0
2025-05-17,2025-05-16T21:08:30.000,2025-05-17T08:21:00.000,38280000,638,87,553,85,34,0,3267602654612539272,auto_detected,stages,0,True,103.0,344.0,139.0,85.0,4.0,35.0,14.0,39.0,73.0,225.0,85.0,62.0
2025-05-18,2025-05-17T22:20:00.000,2025-05-18T05:15:30.000,23700000,395,86,340,55,20,0,8246412498600419152,auto_detected,stages,0,True,56.0,229.0,74.0,55.0,2.0,20.0,4.0,20.0,74.0,226.0,87.0,63.0
2025-05-20,2025-05-20T00:30:30.000,2025-05-20T05:35:30.000,17280000,288,85,246,42,17,0,4480969278290831176,auto_detected,stages,0,True,57.0,157.0,48.0,42.0,2.0,18.0,5.0,20.0,74.0,225.0,87.0,63.0
2025-05-21,2025-05-20T22:43:00.000,2025-05-21T06:29:30.000,25620000,427,86,366,61,39,0,4001278852266946400,auto_detected,stages,0,True,77.0,218.0,109.0,61.0,7.0,25.0,9.0,22.0,73.0,222.0,86.0,62.0
2025-05-22,2025-05-21T23:23:30.000,2025-05-22T06:06:00.000,24120000,402,82,331,71,0,0,265916388880357648,auto_detected,stages,0,True,64.0,170.0,97.0,71.0,2.0,20.0,6.0,20.0,74.0,225.0,87.0,63.0
2025-05-23,2025-05-22T23:18:30.000,2025-05-23T05:54:30.000,21420000,357,84,300,57,39,0,2329206645288695728,auto_detected,stages,0,True,67.0,168.0,104.0,57.0,3.0,23.0,8.0,24.0,74.0,222.0,89.0,63.0
2025-05-24,2025-05-24T00:06:30.000,2025-05-24T07:25:30.000,25080000,418,88,368,50,21,0,134829342396430016,auto_detected,stages,0,True,40.0,233.0,115.0,50.0,1.0,26.0,11.0,28.0,74.0,220.0,90.0,63.0
2025-05-25,2025-05-25T00:25:00.000,2025-05-25T04:20:30.000,14100000,235,89,210,25,0,0,5505758928236063736,auto_detected,stages,0,True,19.0,176.0,14.0,25.0,2.0,18.0,2.0,14.0,74.0,219.0,90.0,63.0
2025-05-25,2025-05-25T22:32:30.000,2025-05-25T23:58:00.000,2820000,47,43,20,27,38,0,164081711346053672,auto_detected,classic,2,False,,,,,,,,,,,,
2025-05-26,2025-05-26T07:27:00.000,2025-05-26T12:43:30.000,18600000,310,81,251,59,6,0,3873734645178360832,auto_detected,stages,0,True,27.0,172.0,57.0,59.0,2.0,24.0,6.0,23.0,73.0,217.0,88.0,62.0
2025-05-27,2025-05-26T22:36:00.000,2025-05-27T07:06:30.000,27840000,464,84,389,75,46,0,7866803494956819728,auto_detected,stages,0,True,68.0,260.0,106.0,75.0,4.0,28.0,11.0,32.0,71.0,215.0,87.0,62.0
2025-05-28,2025-05-27T23:21:00.000,2025-05-28T06:23:00.000,25320000,422,85,359,63,0,0,3374933460935078368,auto_detected,stages,0,True,63.0,226.0,69.0,63.0,4.0,23.0,5.0,23.0,72.0,218.0,90.0,63.0
2025-05-29,2025-05-28T22:55:00.000,2025-05-29T05:59:30.000,25020000,417,87,364,53,7,0,6890116414417661256,auto_detected,stages,0,True,66.0,209.0,95.0,53.0,5.0,30.0,5.0,30.0,70.0,219.0,89.0,63.0
2025-05-30,2025-05-29T23:46:00.000,2025-05-30T06:26:30.000,21360000,356,86,307,49,44,0,3940611766610308960,auto_detected,stages,0,True,64.0,168.0,119.0,49.0,3.0,21.0,12.0,27.0,70.0,220.0,89.0,63.0
2025-05-31,2025-05-30T23:23:00.000,2025-05-31T06:10:00.000,24420000,407,92,375,32,0,0,3491119083405520408,auto_detected,stages,0,True,82.0,191.0,102.0,32.0,8.0,26.0,12.0,26.0,69.0,219.0,89.0,63.0
2025-06-01,2025-05-31T22:26:00.000,2025-06-01T05:39:00.000,25980000,433,85,369,64,0,0,3986513408917322464,auto_detected,stages,0,True,63.0,231.0,74.0,64.0,3.0,20.0,4.0,17.0,70.0,217.0,90.0,62.0
2025-06-02,2025-06-01T23:06:30.000,2025-06-02T06:41:30.000,25860000,431,87,377,54,24,0,7729787604692173872,auto_detected,stages,0,True,73.0,238.0,89.0,54.0,3.0,23.0,4.0,22.0,69.0,216.0,90.0,62.0
2025-06-03,2025-06-02T21:31:00.000,2025-06-03T06:17:30.000,29220000,487,86,420,67,39,0,6332237367438979936,auto_detected,stages,0,True,73.0,265.0,120.0,67.0,4.0,31.0,14.0,36.0,70.0,215.0,89.0,62.0
2025-06-04,2025-06-03T22:37:00.000,2025-06-04T06:53:00.000,24000000,400,83,332,68,96,0,5462819990265863624,auto_detected,stages,0,True,92.0,212.0,124.0,68.0,3.0,27.0,10.0,25.0,70.0,217.0,90.0,62.0
2025-06-05,2025-06-04T22:13:00.000,2025-06-05T07:00:30.000,28980000,483,85,409,74,44,0,373082018371978384,auto_detected,stages,0,True,56.0,352.0,45.0,74.0,4.0,43.0,7.0,43.0,71.0,216.0,92.0,62.0
2025-06-06,2025-06-05T22:06:00.000,2025-06-06T05:52:00.000,23460000,391,88,343,48,75,0,2264736796504694400,auto_detected,stages,0,True,57.0,275.0,86.0,48.0,2.0,21.0,10.0,26.0,70.0,223.0,91.0,62.0
2025-06-07,2025-06-06T23:26:30.000,2025-06-07T05:48:30.000,21300000,355,85,300,55,27,0,8296652410912437208,auto_detected,stages,0,True,55.0,218.0,53.0,55.0,3.0,27.0,4.0,25.0,69.0,226.0,90.0,62.0
2025-06-08,2025-06-07T22:38:30.000,2025-06-08T07:02:00.000,28380000,473,86,407,66,30,0,1552095620147812736,auto_detected,stages,0,True,65.0,295.0,77.0,66.0,5.0,30.0,10.0,31.0,69.0,226.0,88.0,62.0
2025-06-09,2025-06-08T21:59:30.000,2025-06-09T06:23:30.000,28320000,472,86,404,68,32,0,4320994604057848688,auto_detected,stages,0,True,96.0,279.0,60.0,68.0,4.0,31.0,6.0,28.0,68.0,230.0,88.0,61.0
2025-06-10,2025-06-09T23:21:00.000,2025-06-10T06:06:30.000,23100000,385,85,327,58,20,0,6361319389798543120,auto_detected,stages,0,True,74.0,225.0,47.0,58.0,2.0,32.0,4.0,32.0,69.0,235.0,87.0,62.0
2025-06-11,2025-06-10T23:23:00.000,2025-06-11T06:28:00.000,24420000,407,87,354,53,18,0,8926593379210457680,auto_detected,stages,0,True,41.0,274.0,56.0,53.0,3.0,31.0,7.0,32.0,70.0,236.0,85.0,63.0
2025-06-12,2025-06-11T23:23:00.000,2025-06-12T06:16:30.000,24780000,413,85,353,60,0,0,232163695603370936,auto_detected,stages,0,True,66.0,235.0,51.0,60.0,3.0,32.0,7.0,29.0,68.0,240.0,83.0,63.0
2025-06-13,2025-06-12T23:20:00.000,2025-06-13T06:00:00.000,24000000,400,86,345,55,0,0,4578815906103288496,auto_detected,stages,0,True,40.0,238.0,66.0,55.0,4.0,30.0,7.0,29.0,69.0,241.0,82.0,63.0
2025-06-14,2025-06-13T22:50:30.000,2025-06-14T05:38:00.000,19680000,328,76,250,78,79,0,5191083142414982168,auto_detected,stages,0,True,52.0,206.0,71.0,78.0,2.0,34.0,5.0,34.0,67.0,243.0,83.0,61.0
2025-06-15,2025-06-14T22:14:00.000,2025-06-15T05:38:00.000,26640000,444,85,376,68,0,0,2857970664341914960,auto_detected,stages,0,True,44.0,246.0,85.0,68.0,3.0,24.0,9.0,26.0,66.0,233.0,82.0,60.0
2025-06-16,2025-06-15T22:32:30.000,2025-06-16T06:26:30.000,26520000,442,88,387,55,32,0,639993502972886080,auto_detected,stages,0,True,53.0,291.0,73.0,55.0,2.0,19.0,5.0,20.0,62.0,234.0,81.0,59.0
2025-06-17,2025-06-17T00:41:00.000,2025-06-17T07:02:30.000,22860000,381,87,330,51,0,0,5577652178194082968,auto_detected,stages,0,True,74.0,156.0,100.0,51.0,5.0,26.0,6.0,26.0,61.0,232.0,79.0,58.0
2025-06-18,2025-06-17T22:58:30.000,2025-06-18T06:32:00.000,25380000,423,79,336,87,30,0,5322796905815102712,auto_detected,stages,0,True,44.0,233.0,88.0,87.0,3.0,24.0,9.0,27.0,61.0,229.0,80.0,58.0
2025-06-19,2025-06-18T23:09:00.000,2025-06-19T05:46:30.000,23220000,387,84,326,61,10,0,4759559624319139616,auto_detected,stages,0,True,64.0,182.0,89.0,61.0,3.0,24.0,6.0,21.0,61.0,229.0,80.0,59.0
2025-06-20,2025-06-19T23:33:00.000,2025-06-20T05:50:00.000,20580000,343,87,297,46,34,0,3901313553373759808,auto_detected,stages,0,True,77.0,194.0,59.0,46.0,3.0,27.0,5.0,26.0,61.0,230.0,82.0,60.0
2025-06-21,2025-06-20T23:24:30.000,2025-06-21T06:35:30.000,22620000,377,86,323,54,54,0,3128464113595414976,auto_detected,stages,0,True,78.0,246.0,53.0,54.0,5.0,30.0,7.0,28.0,61.0,229.0,80.0,59.0
2025-06-22,2025-06-21T22:51:00.000,2025-06-22T05:32:30.000,23220000,387,88,341,46,14,0,698412796993665536,auto_detected,stages,0,True,87.0,183.0,85.0,46.0,5.0,18.0,5.0,17.0,61.0,232.0,78.0,59.0
2025-06-23,2025-06-22T23:15:00.000,2025-06-23T05:45:30.000,21720000,362,82,297,65,28,0,4550800313035296920,auto_detected,stages,0,True,75.0,191.0,58.0,65.0,4.0,28.0,7.0,32.0,62.0,232.0,78.0,58.0
2025-06-25,2025-06-24T23:37:00.000,2025-06-25T06:50:30.000,25980000,433,40,175,258,14,0,4939338902874878888,auto_detected,classic,1,True,,,,,,,,,,,,
2025-06-26,2025-06-25T23:41:00.000,2025-06-26T05:43:00.000,21720000,362,86,311,50,18,0,6253198566870991872,auto_detected,stages,0,True,20.0,214.0,77.0,50.0,13.0,28.0,10.0,18.0,66.0,233.0,79.0,60.0
2025-06-27,2025-06-26T23:16:00.000,2025-06-27T05:54:30.000,23880000,398,81,321,77,42,0,472149571839231752,auto_detected,stages,0,True,31.0,221.0,69.0,77.0,12.0,42.0,16.0,31.0,64.0,231.0,78.0,59.0
2025-06-28,2025-06-27T23:04:00.000,2025-06-28T05:57:30.000,24780000,413,88,363,50,9,0,2485009823853457224,auto_detected,stages,0,True,80.0,207.0,76.0,50.0,9.0,31.0,18.0,26.0,63.0,231.0,78.0,59.0
2025-06-29,2025-06-29T01:17:00.000,2025-06-29T06:58:30.000,20460000,341,85,290,51,16,0,3917407609705422472,auto_detected,stages,0,True,26.0,189.0,75.0,51.0,7.0,31.0,11.0,20.0,63.0,231.0,77.0,59.0
2025-07-01,2025-06-30T23:53:30.000,2025-07-01T05:58:30.000,21900000,365,78,283,81,0,0,7230586722232162656,auto_detected,stages,0,True,37.0,181.0,65.0,81.0,5.0,31.0,9.0,27.0,61.0,233.0,74.0,60.0
2025-07-02,2025-07-01T23:43:30.000,2025-07-02T05:50:00.000,21960000,366,86,313,53,0,0,6861049604619825680,auto_detected,stages,0,True,52.0,169.0,92.0,53.0,11.0,28.0,14.0,23.0,60.0,231.0,74.0,61.0
2025-07-03,2025-07-02T23:52:30.000,2025-07-03T06:07:00.000,22440000,374,86,320,54,0,0,7056824969889895648,auto_detected,stages,0,True,35.0,234.0,50.0,54.0,8.0,37.0,16.0,24.0,60.0,229.0,74.0,61.0
2025-07-04,2025-07-03T23:54:30.000,2025-07-04T05:53:00.000,21480000,358,77,277,81,0,0,6260382903069377592,auto_detected,stages,0,True,55.0,164.0,57.0,81.0,18.0,33.0,10.0,37.0,58.0,228.0,71.0,60.0
2025-07-07,2025-07-06T22:40:30.000,2025-07-07T06:13:00.000,27120000,452,77,350,102,0,0,2832407554420886008,auto_detected,stages,0,True,45.0,205.0,99.0,102.0,14.0,43.0,11.0,35.0,57.0,219.0,69.0,61.0
2025-07-08,2025-07-07T23:13:30.000,2025-07-08T05:39:30.000,23160000,386,85,329,57,0,0,6330142784809811752,auto_detected,stages,0,True,83.0,175.0,71.0,57.0,10.0,34.0,15.0,25.0,56.0,218.0,71.0,63.0
2025-07-09,2025-07-08T22:55:00.000,2025-07-09T05:56:30.000,25260000,421,86,361,60,16,0,8675864826238675976,auto_detected,stages,0,True,73.0,195.0,93.0,60.0,13.0,31.0,8.0,21.0,57.0,214.0,71.0,62.0
2025-07-10,2025-07-10T00:12:00.000,2025-07-10T05:29:00.000,19020000,317,79,249,68,29,0,6164440779937145848,auto_detected,stages,0,True,32.0,188.0,28.0,68.0,14.0,33.0,5.0,20.0,56.0,210.0,72.0,62.0
2025-07-11,2025-07-10T23:15:00.000,2025-07-11T05:44:00.000,23340000,389,81,314,75,61,0,536724349906378456,auto_detected,stages,0,True,71.0,179.0,64.0,75.0,13.0,43.0,24.0,20.0,55.0,209.0,71.0,63.0
2025-07-12,2025-07-11T23:04:30.000,2025-07-12T05:59:30.000,24900000,415,83,345,70,0,0,5259141307761980160,auto_detected,stages,0,True,36.0,233.0,75.0,70.0,6.0,34.0,12.0,30.0,56.0,205.0,72.0,63.0
2025-07-13,2025-07-12T22:32:30.000,2025-07-13T06:11:30.000,27540000,459,80,367,91,0,0,5706551804090921528,auto_detected,stages,0,True,23.0,247.0,97.0,91.0,5.0,39.0,26.0,26.0,55.0,205.0,73.0,64.0
2025-07-14,2025-07-14T00:24:30.000,2025-07-14T06:09:30.000,20700000,345,87,300,44,0,0,5506373682672769688,auto_detected,stages,0,True,31.0,184.0,85.0,44.0,4.0,27.0,13.0,24.0,54.0,205.0,74.0,65.0
2025-07-15,2025-07-14T22:42:00.000,2025-07-15T05:30:30.000,24480000,408,83,339,69,58,0,7655447189637291168,auto_detected,stages,0,True,34.0,234.0,71.0,69.0,10.0,38.0,14.0,32.0,53.0,204.0,75.0,64.0
2025-07-16,2025-07-15T23:08:00.000,2025-07-16T05:30:00.000,22920000,382,74,281,100,15,0,5437524676267722064,auto_detected,stages,0,True,61.0,181.0,38.0,100.0,6.0,31.0,8.0,23.0,53.0,204.0,74.0,64.0
2025-07-17,2025-07-17T00:12:00.000,2025-07-17T05:52:00.000,20400000,340,83,282,58,0,0,5884295028021239376,auto_detected,stages,0,True,21.0,183.0,77.0,58.0,16.0,37.0,8.0,22.0,53.0,199.0,73.0,66.0
2025-07-18,2025-07-17T23:25:00.000,2025-07-18T05:50:00.000,23100000,385,68,262,123,41,0,5224061107894732728,auto_detected,stages,0,True,31.0,167.0,63.0,123.0,10.0,15.0,3.0,4.0,51.0,200.0,72.0,66.0
2025-07-19,2025-07-19T00:48:00.000,2025-07-19T06:18:00.000,19800000,330,83,274,55,15,0,8964376152822162640,auto_detected,stages,0,True,58.0,140.0,76.0,55.0,9.0,23.0,14.0,22.0,50.0,198.0,71.0,67.0
2025-07-20,2025-07-19T22:18:30.000,2025-07-20T05:26:30.000,25680000,428,76,324,103,0,0,3925796138325516592,auto_detected,stages,0,True,75.0,195.0,54.0,103.0,12.0,25.0,14.0,24.0,50.0,196.0,70.0,67.0
2025-07-21,2025-07-21T00:31:00.000,2025-07-21T06:16:30.000,20700000,345,67,232,113,0,0,7380293579772987488,auto_detected,stages,0,True,44.0,161.0,27.0,113.0,10.0,38.0,6.0,30.0,50.0,196.0,70.0,69.0
2025-07-22,2025-07-21T22:47:00.000,2025-07-22T05:56:30.000,25740000,429,84,361,68,66,0,8360375252376144280,auto_detected,stages,0,True,94.0,176.0,90.0,68.0,14.0,38.0,11.0,24.0,49.0,193.0,69.0,72.0
2025-07-23,2025-07-22T21:24:00.000,2025-07-23T05:34:30.000,29400000,490,80,391,99,25,0,1281005944660268440,auto_detected,stages,0,True,63.0,264.0,64.0,99.0,12.0,32.0,6.0,23.0,49.0,193.0,69.0,73.0
2025-07-24,2025-07-23T23:20:30.000,2025-07-24T05:46:00.000,23100000,385,72,277,108,0,0,4371640737485355736,auto_detected,stages,0,True,48.0,168.0,61.0,108.0,12.0,37.0,19.0,31.0,48.0,195.0,69.0,74.0
2025-07-26,2025-07-25T23:27:30.000,2025-07-26T05:49:30.000,22920000,382,84,322,59,0,0,7135427758547294256,auto_detected,stages,0,True,54.0,198.0,69.0,59.0,8.0,29.0,10.0,18.0,48.0,194.0,69.0,75.0
2025-07-27,2025-07-26T22:59:00.000,2025-07-27T05:46:30.000,24420000,407,76,311,96,23,0,7047081059841325832,auto_detected,stages,0,True,62.0,175.0,74.0,96.0,7.0,24.0,12.0,21.0,50.0,194.0,69.0,76.0
2025-07-28,2025-07-28T00:15:00.000,2025-07-28T06:20:00.000,21900000,365,82,301,63,23,0,4469437861375554240,auto_detected,stages,0,True,59.0,166.0,76.0,63.0,12.0,32.0,12.0,19.0,51.0,192.0,69.0,76.0
2025-07-29,2025-07-29T00:16:00.000,2025-07-29T05:38:30.000,19320000,322,89,288,34,31,0,7983437261484102632,auto_detected,stages,0,True,61.0,142.0,84.0,34.0,7.0,21.0,7.0,16.0,50.0,190.0,69.0,77.0
2025-07-30,2025-07-29T23:54:00.000,2025-07-30T05:36:30.000,20520000,342,86,294,48,31,0,5622461004267556232,auto_detected,stages,0,True,80.0,131.0,82.0,48.0,14.0,28.0,7.0,16.0,51.0,189.0,69.0,76.0
2025-07-31,2025-07-30T23:30:00.000,2025-07-31T05:25:30.000,21300000,355,84,297,58,52,0,6089425523752693600,auto_detected,stages,0,True,41.0,185.0,70.0,58.0,13.0,41.0,14.0,31.0,53.0,186.0,70.0,75.0
2025-08-02,2025-08-01T22:54:30.000,2025-08-02T04:58:00.000,21780000,363,85,310,53,0,0,6117934832161987240,auto_detected,stages,0,True,58.0,159.0,93.0,53.0,5.0,23.0,12.0,20.0,53.0,187.0,69.0,75.0
2025-08-03,2025-08-02T22:24:00.000,2025-08-03T05:17:00.000,24780000,413,78,324,89,44,0,3732378121650349528,auto_detected,stages,0,True,52.0,206.0,65.0,89.0,6.0,28.0,13.0,29.0,54.0,184.0,71.0,75.0
2025-08-04,2025-08-03T22:33:30.000,2025-08-04T05:10:00.000,23760000,396,75,297,99,0,0,5979934876616066776,auto_detected,stages,0,True,39.0,219.0,38.0,99.0,11.0,47.0,12.0,38.0,53.0,186.0,71.0,76.0
2025-08-05,2025-08-04T21:57:00.000,2025-08-05T04:52:30.000,24900000,415,80,331,84,13,0,6311718409201478168,auto_detected,stages,0,True,50.0,182.0,99.0,84.0,9.0,32.0,11.0,26.0,53.0,187.0,70.0,76.0
2025-08-06,2025-08-05T22:15:00.000,2025-08-06T05:52:30.000,27420000,457,75,341,116,0,0,4999980889806495840,auto_detected,stages,0,True,54.0,233.0,54.0,116.0,7.0,37.0,10.0,30.0,53.0,187.0,71.0,77.0
2025-08-07,2025-08-06T22:10:30.000,2025-08-07T06:06:00.000,28500000,475,79,377,98,0,0,865187633465210456,auto_detected,stages,0,True,47.0,225.0,104.0,98.0,9.0,36.0,14.0,30.0,53.0,188.0,69.0,77.0
2025-08-08,2025-08-07T22:49:30.000,2025-08-08T05:53:00.000,25380000,423,87,366,57,0,0,3527813490676431432,auto_detected,stages,0,True,54.0,254.0,58.0,57.0,7.0,39.0,17.0,35.0,52.0,190.0,70.0,79.0
2025-08-09,2025-08-08T22:20:00.000,2025-08-09T05:32:30.000,25920000,432,75,324,108,107,0,3240563882916488160,auto_detected,stages,0,True,54.0,199.0,70.0,108.0,4.0,40.0,8.0,40.0,51.0,192.0,69.0,79.0
2025-08-10,2025-08-09T20:52:00.000,2025-08-10T06:39:30.000,35220000,587,77,453,134,0,0,3086923174352287720,auto_detected,stages,0,True,62.0,280.0,111.0,134.0,17.0,59.0,15.0,45.0,52.0,192.0,71.0,80.0
2025-08-11,2025-08-11T00:38:30.000,2025-08-11T06:08:00.000,19740000,329,86,284,45,0,0,1325280714131100104,auto_detected,stages,0,True,49.0,167.0,68.0,45.0,6.0,23.0,13.0,18.0,52.0,196.0,72.0,82.0
2025-08-13,2025-08-12T23:46:00.000,2025-08-13T06:14:00.000,23280000,388,72,278,109,26,0,4271634418412827728,auto_detected,stages,0,True,45.0,155.0,78.0,109.0,15.0,38.0,6.0,23.0,53.0,192.0,71.0,81.0
2025-08-14,2025-08-13T22:54:00.000,2025-08-14T05:48:30.000,24840000,414,82,340,74,20,0,7960401320085709448,auto_detected,stages,0,True,27.0,266.0,47.0,74.0,13.0,46.0,16.0,34.0,54.0,191.0,71.0,83.0
2025-08-15,2025-08-15T01:09:00.000,2025-08-15T07:12:30.000,21780000,363,77,281,82,0,0,2239637611281920144,auto_detected,stages,0,True,49.0,160.0,72.0,82.0,7.0,21.0,6.0,16.0,53.0,192.0,70.0,83.0
2025-08-16,2025-08-15T23:36:30.000,2025-08-16T06:11:30.000,23700000,395,85,334,61,0,0,5007002366353272696,auto_detected,stages,0,True,38.0,210.0,86.0,61.0,9.0,32.0,17.0,20.0,53.0,191.0,71.0,83.0
2025-08-17,2025-08-16T22:42:30.000,2025-08-17T05:23:30.000,24060000,401,89,357,43,0,0,207986382145786560,auto_detected,stages,0,True,48.0,230.0,79.0,43.0,10.0,30.0,8.0,19.0,54.0,192.0,72.0,83.0
2025-08-18,2025-08-17T22:30:30.000,2025-08-18T05:43:00.000,25920000,432,77,333,99,0,0,4808337036593016144,auto_detected,stages,0,True,23.0,232.0,78.0,99.0,2.0,31.0,13.0,27.0,54.0,194.0,72.0,80.0
2025-08-19,2025-08-19T00:01:00.000,2025-08-19T05:17:00.000,18960000,316,76,241,75,30,0,3287025568652325016,auto_detected,stages,0,True,31.0,140.0,69.0,75.0,8.0,20.0,3.0,11.0,53.0,198.0,72.0,81.0
2025-08-20,2025-08-19T23:27:30.000,2025-08-20T05:05:30.000,20280000,338,85,288,50,0,0,4064206061105178304,auto_detected,stages,0,True,52.0,168.0,68.0,50.0,7.0,25.0,17.0,25.0,51.0,196.0,73.0,80.0
2025-08-21,2025-08-20T23:22:30.000,2025-08-21T05:03:30.000,20460000,341,83,282,59,0,0,1543281530795288432,auto_detected,stages,0,True,40.0,171.0,70.0,59.0,11.0,38.0,6.0,29.0,52.0,196.0,74.0,78.0
2025-08-22,2025-08-21T23:39:30.000,2025-08-22T05:33:00.000,21180000,353,75,264,89,0,0,2136041017042056504,auto_detected,stages,0,True,30.0,189.0,45.0,89.0,3.0,28.0,13.0,28.0,50.0,196.0,74.0,78.0
2025-08-23,2025-08-22T23:54:00.000,2025-08-23T06:59:30.000,25500000,425,88,372,53,42,0,1205283113090344136,auto_detected,stages,0,True,38.0,214.0,120.0,53.0,8.0,30.0,15.0,23.0,48.0,193.0,73.0,77.0
2025-08-24,2025-08-23T23:40:30.000,2025-08-24T05:43:30.000,21780000,363,83,302,61,0,0,4132066747804715640,auto_detected,stages,0,True,44.0,164.0,93.0,61.0,5.0,22.0,10.0,23.0,48.0,195.0,75.0,75.0
2025-08-25,2025-08-24T23:55:30.000,2025-08-25T06:03:00.000,22020000,367,77,281,86,0,0,4667684384764312,auto_detected,stages,0,True,26.0,208.0,46.0,86.0,20.0,47.0,12.0,33.0,48.0,194.0,76.0,75.0
2025-08-26,2025-08-25T22:42:30.000,2025-08-26T06:06:30.000,26640000,444,80,354,89,0,0,4761335626421974624,auto_detected,stages,0,True,81.0,203.0,69.0,89.0,23.0,45.0,8.0,24.0,47.0,194.0,75.0,76.0
2025-08-27,2025-08-26T23:47:00.000,2025-08-27T06:10:00.000,22980000,383,81,310,72,0,0,500362787163732392,auto_detected,stages,0,True,51.0,192.0,67.0,72.0,6.0,24.0,13.0,24.0,48.0,195.0,75.0,76.0
2025-08-28,2025-08-28T00:17:00.000,2025-08-28T05:53:00.000,20160000,336,82,274,62,20,0,5095997677392521608,auto_detected,stages,0,True,42.0,144.0,87.0,62.0,8.0,36.0,13.0,27.0,47.0,196.0,74.0,76.0
2025-08-29,2025-08-28T23:32:30.000,2025-08-29T05:53:30.000,22860000,381,90,344,37,0,0,1064364814643677600,auto_detected,stages,0,True,44.0,215.0,84.0,37.0,5.0,20.0,8.0,16.0,47.0,196.0,75.0,77.0
2025-08-30,2025-08-29T21:53:30.000,2025-08-30T05:49:00.000,28500000,475,84,398,77,0,0,6280545753323435432,auto_detected,stages,0,True,88.0,185.0,125.0,77.0,9.0,39.0,20.0,35.0,45.0,199.0,75.0,77.0
2025-08-31,2025-08-30T22:22:30.000,2025-08-31T05:26:30.000,25440000,424,82,348,75,0,0,7914729785937810224,auto_detected,stages,0,True,30.0,252.0,66.0,75.0,16.0,40.0,14.0,27.0,47.0,199.0,77.0,77.0
2025-09-01,2025-08-31T22:59:30.000,2025-09-01T05:31:30.000,23520000,392,90,353,38,0,0,3647107424708883144,auto_detected,stages,0,True,56.0,193.0,104.0,38.0,13.0,38.0,15.0,20.0,46.0,201.0,76.0,77.0
2025-09-02,2025-09-01T22:21:30.000,2025-09-02T05:48:00.000,26760000,446,67,300,146,0,0,3111253338692852448,auto_detected,stages,0,True,37.0,172.0,90.0,146.0,5.0,42.0,9.0,40.0,46.0,202.0,77.0,77.0
2025-09-03,2025-09-02T22:58:00.000,2025-09-03T05:56:00.000,25080000,418,84,352,66,17,0,7000744720222073832,auto_detected,stages,0,True,59.0,198.0,95.0,66.0,8.0,29.0,13.0,25.0,46.0,201.0,77.0,79.0
2025-09-04,2025-09-03T22:29:00.000,2025-09-04T05:05:00.000,23760000,396,82,323,72,40,0,9161117664321019488,auto_detected,stages,0,True,47.0,233.0,42.0,72.0,6.0,29.0,7.0,28.0,47.0,200.0,79.0,77.0
2025-09-05,2025-09-04T23:57:30.000,2025-09-05T06:14:30.000,22620000,377,82,310,66,0,0,6157389386995150432,auto_detected,stages,0,True,69.0,175.0,66.0,66.0,10.0,44.0,16.0,27.0,46.0,202.0,77.0,77.0
2025-09-06,2025-09-06T00:24:00.000,2025-09-06T06:12:00.000,20880000,348,76,266,81,42,0,8244909351944660112,auto_detected,stages,0,True,32.0,179.0,55.0,81.0,7.0,22.0,8.0,20.0,47.0,200.0,78.0,75.0
2025-09-07,2025-09-06T22:30:30.000,2025-09-07T05:15:30.000,24300000,405,88,356,48,0,0,2221577266899964768,auto_detected,stages,0,True,50.0,212.0,94.0,48.0,6.0,20.0,10.0,16.0,46.0,198.0,76.0,75.0
2025-09-08,2025-09-07T23:26:30.000,2025-09-08T05:07:00.000,20400000,340,80,271,69,0,0,2104266315046998208,auto_detected,stages,0,True,25.0,199.0,47.0,69.0,4.0,23.0,7.0,19.0,46.0,197.0,77.0,74.0
2025-09-10,2025-09-10T00:16:30.000,2025-09-10T07:35:00.000,26280000,438,82,361,77,0,0,2306267312388549240,auto_detected,stages,0,True,37.0,232.0,91.0,77.0,7.0,37.0,26.0,33.0,45.0,194.0,75.0,71.0
2025-09-11,2025-09-10T23:24:30.000,2025-09-11T05:14:30.000,21000000,350,83,291,59,0,0,1193037104082512352,auto_detected,stages,0,True,51.0,191.0,48.0,59.0,4.0,20.0,7.0,20.0,44.0,196.0,76.0,72.0
2025-09-12,2025-09-12T01:14:30.000,2025-09-12T07:50:30.000,23760000,396,69,272,123,0,0,7939181677198677920,auto_detected,stages,0,True,44.0,172.0,56.0,123.0,4.0,25.0,8.0,21.0,44.0,196.0,75.0,72.0
2025-09-13,2025-09-12T23:07:30.000,2025-09-13T06:07:00.000,25140000,419,85,356,63,0,0,4710600730371374832,auto_detected,stages,0,True,77.0,185.0,93.0,63.0,3.0,17.0,5.0,15.0,44.0,197.0,74.0,72.0
2025-11-25,2025-11-25T00:06:00.000,2025-11-25T05:33:30.000,19620000,327,79,259,68,8,0,1390186760060182064,auto_detected,stages,0,True,55.0,142.0,62.0,68.0,3.0,19.0,9.0,14.0,0.0,0.0,0.0,0.0
2025-11-26,2025-11-25T23:05:30.000,2025-11-26T06:04:30.000,25140000,419,87,364,55,0,0,203776919119370752,auto_detected,stages,0,True,60.0,207.0,96.0,55.0,8.0,22.0,6.0,18.0,55.0,142.0,62.0,68.0
2025-11-27,2025-11-26T22:05:30.000,2025-11-27T06:30:30.000,30300000,505,92,463,41,0,0,7078048154032424152,auto_detected,stages,0,True,74.0,271.0,118.0,41.0,4.0,19.0,5.0,16.0,58.0,175.0,79.0,62.0
2025-11-28,2025-11-27T23:35:00.000,2025-11-28T06:11:00.000,23760000,396,88,349,47,0,0,4110615048906099240,auto_detected,stages,0,True,48.0,188.0,113.0,47.0,1.0,18.0,10.0,15.0,63.0,207.0,92.0,55.0
2025-11-29,2025-11-28T22:38:00.000,2025-11-29T06:30:30.000,28320000,472,79,375,97,0,0,2427088368932424896,auto_detected,stages,0,True,45.0,232.0,97.0,97.0,5.0,19.0,7.0,12.0,59.0,202.0,97.0,53.0
2025-11-30,2025-11-30T00:02:00.000,2025-11-30T05:45:30.000,20580000,343,76,260,83,0,0,7401106787688227864,auto_detected,stages,0,True,51.0,141.0,67.0,83.0,9.0,28.0,3.0,20.0,56.0,208.0,97.0,62.0
2025-12-01,2025-11-30T23:48:30.000,2025-12-01T06:36:00.000,24420000,407,78,317,90,0,0,207079427410283840,auto_detected,stages,0,True,61.0,185.0,70.0,90.0,4.0,27.0,9.0,21.0,56.0,197.0,92.0,65.0
2025-12-02,2025-12-01T22:33:30.000,2025-12-02T06:33:30.000,28800000,480,73,351,128,0,0,2224970777099576752,auto_detected,stages,0,True,35.0,231.0,84.0,128.0,13.0,28.0,9.0,22.0,56.0,195.0,89.0,69.0
2025-12-03,2025-12-02T22:46:00.000,2025-12-03T06:25:30.000,27540000,459,88,403,56,14,0,3075135350875146136,auto_detected,stages,0,True,62.0,228.0,112.0,56.0,10.0,30.0,12.0,18.0,54.0,200.0,88.0,76.0
2025-12-04,2025-12-03T22:11:00.000,2025-12-04T06:33:30.000,30120000,502,86,433,69,8,0,5332039849224295840,auto_detected,stages,0,True,49.0,275.0,108.0,69.0,2.0,26.0,9.0,22.0,55.0,203.0,91.0,74.0
2025-12-05,2025-12-04T22:46:30.000,2025-12-05T06:25:00.000,27480000,458,89,407,51,0,0,410359720835387784,auto_detected,stages,0,True,58.0,243.0,105.0,51.0,6.0,34.0,17.0,27.0,54.0,210.0,93.0,73.0
2025-12-06,2025-12-05T23:01:00.000,2025-12-06T05:30:00.000,23340000,389,88,343,46,1,0,3775713410904469976,auto_detected,stages,0,True,57.0,204.0,81.0,46.0,10.0,24.0,5.0,13.0,54.0,213.0,94.0,71.0
2025-12-07,2025-12-06T22:15:00.000,2025-12-07T05:22:00.000,25620000,427,88,377,49,5,0,1849968311447151584,auto_detected,stages,0,True,50.0,225.0,102.0,49.0,1.0,30.0,7.0,26.0,55.0,212.0,93.0,69.0
2025-12-08,2025-12-07T23:42:30.000,2025-12-08T06:30:00.000,24420000,407,91,369,38,0,0,1160459751190835336,auto_detected,stages,0,True,32.0,216.0,121.0,38.0,3.0,17.0,8.0,16.0,54.0,213.0,93.0,68.0
2025-12-09,2025-12-08T22:25:30.000,2025-12-09T06:12:30.000,28020000,467,74,344,123,0,0,665857912056376000,auto_detected,stages,0,True,16.0,235.0,92.0,123.0,1.0,15.0,6.0,18.0,53.0,213.0,95.0,66.0
2025-12-10,2025-12-09T22:10:30.000,2025-12-10T06:23:30.000,29580000,493,89,437,55,0,0,8030723698774219112,auto_detected,stages,0,True,54.0,250.0,133.0,55.0,4.0,25.0,16.0,20.0,50.0,215.0,95.0,69.0
2025-12-11,2025-12-10T22:48:30.000,2025-12-11T06:25:00.000,27360000,456,84,385,71,0,0,8644759624812163472,auto_detected,stages,0,True,55.0,242.0,88.0,71.0,11.0,36.0,7.0,22.0,50.0,217.0,98.0,69.0
2025-12-12,2025-12-11T23:28:30.000,2025-12-12T06:36:30.000,25680000,428,76,327,101,0,0,1644282495753189376,auto_detected,stages,0,True,55.0,193.0,78.0,101.0,5.0,28.0,6.0,24.0,51.0,219.0,97.0,69.0
2025-12-13,2025-12-12T23:13:30.000,2025-12-13T06:26:00.000,25920000,432,70,302,130,0,0,710043741518728752,auto_detected,stages,0,True,47.0,188.0,66.0,130.0,2.0,22.0,8.0,21.0,51.0,217.0,96.0,70.0
2025-12-14,2025-12-13T23:14:00.000,2025-12-14T06:27:30.000,25980000,433,80,346,87,0,0,3248587349670124448,auto_detected,stages,0,True,28.0,236.0,81.0,87.0,5.0,32.0,6.0,29.0,51.0,216.0,94.0,74.0
2025-12-15,2025-12-14T21:45:00.000,2025-12-15T07:16:30.000,34260000,571,79,449,122,5,0,7022459695263393040,auto_detected,stages,0,True,57.0,300.0,91.0,122.0,9.0,37.0,9.0,29.0,50.0,217.0,94.0,74.0
2025-12-16,2025-12-15T22:46:00.000,2025-12-16T06:11:30.000,26700000,445,83,371,74,0,0,4883278358805748384,auto_detected,stages,0,True,60.0,235.0,76.0,74.0,4.0,36.0,16.0,33.0,50.0,221.0,94.0,77.0
2025-12-17,2025-12-16T23:12:00.000,2025-12-17T06:33:30.000,26460000,441,88,390,51,4,0,5945128652002985848,auto_detected,stages,0,True,47.0,244.0,98.0,51.0,8.0,33.0,7.0,25.0,50.0,221.0,93.0,76.0
2025-12-18,2025-12-17T22:58:30.000,2025-12-18T06:22:30.000,26640000,444,84,374,69,0,0,4771963533637504424,auto_detected,stages,0,True,67.0,221.0,85.0,69.0,3.0,37.0,19.0,29.0,50.0,222.0,93.0,75.0
2025-12-19,2025-12-18T22:12:00.000,2025-12-19T06:08:30.000,28560000,476,87,412,64,0,0,996280068562935104,auto_detected,stages,0,True,72.0,225.0,114.0,64.0,10.0,34.0,16.0,25.0,51.0,222.0,93.0,75.0
2025-12-20,2025-12-19T22:36:00.000,2025-12-20T05:50:30.000,26040000,434,88,381,53,13,0,4121305947228608352,auto_detected,stages,0,True,63.0,240.0,77.0,53.0,6.0,22.0,9.0,21.0,52.0,222.0,94.0,75.0
2025-12-21,2025-12-20T21:41:00.000,2025-12-21T05:46:00.000,29100000,485,85,413,71,1,0,6568397684511707120,manual,stages,0,True,72.0,255.0,86.0,71.0,10.0,42.0,10.0,29.0,52.0,223.0,93.0,74.0
2025-12-22,2025-12-21T22:45:00.000,2025-12-22T05:57:00.000,25920000,432,87,377,55,0,0,2452498634305203392,auto_detected,stages,0,True,47.0,233.0,96.0,55.0,3.0,29.0,13.0,23.0,53.0,224.0,93.0,74.0
2025-12-23,2025-12-22T22:22:30.000,2025-12-23T06:10:30.000,28080000,468,89,418,50,0,0,5254163325963072336,auto_detected,stages,0,True,95.0,220.0,102.0,50.0,6.0,20.0,12.0,22.0,53.0,224.0,93.0,73.0
2025-12-24,2025-12-23T22:36:30.000,2025-12-24T06:05:00.000,26880000,448,91,409,39,0,0,7795374667087875264,auto_detected,stages,0,True,69.0,256.0,84.0,39.0,13.0,35.0,9.0,28.0,54.0,224.0,93.0,72.0
2025-12-25,2025-12-24T22:44:00.000,2025-12-25T06:28:00.000,27840000,464,86,397,66,3,0,9137920252053456288,auto_detected,stages,0,True,55.0,243.0,98.0,66.0,8.0,25.0,13.0,22.0,55.0,225.0,93.0,71.0
2025-12-26,2025-12-26T00:21:30.000,2025-12-26T06:30:30.000,22140000,369,77,284,85,0,0,441498978117571488,auto_detected,stages,0,True,56.0,180.0,47.0,85.0,4.0,22.0,2.0,18.0,55.0,229.0,94.0,71.0
2025-12-27,2025-12-26T22:29:30.000,2025-12-27T04:32:00.000,21720000,362,90,327,35,0,0,4559555705600229744,auto_detected,stages,0,True,75.0,220.0,31.0,35.0,12.0,38.0,9.0,24.0,55.0,228.0,92.0,72.0
2025-12-28,2025-12-27T22:27:00.000,2025-12-28T04:52:00.000,23100000,385,90,348,36,0,0,7482686875674487416,auto_detected,stages,0,True,67.0,199.0,82.0,36.0,4.0,21.0,10.0,20.0,55.0,226.0,89.0,72.0
2025-12-29,2025-12-28T20:50:30.000,2025-12-29T08:32:30.000,42120000,702,71,499,202,0,0,206281396089586688,auto_detected,stages,0,True,40.0,334.0,125.0,202.0,8.0,47.0,20.0,46.0,55.0,227.0,88.0,71.0
2025-12-30,2025-12-29T22:14:00.000,2025-12-30T05:47:00.000,27180000,453,85,385,67,0,0,1331030899157863120,auto_detected,stages,0,True,50.0,249.0,86.0,67.0,4.0,20.0,16.0,23.0,55.0,230.0,89.0,75.0
2025-12-31,2025-12-30T21:25:00.000,2025-12-31T05:40:30.000,29700000,495,90,447,48,2,0,246112884576970648,auto_detected,stages,0,True,73.0,247.0,127.0,48.0,11.0,37.0,19.0,29.0,55.0,234.0,90.0,74.0
2026-01-01,2026-01-01T12:56:30.000,2026-01-01T16:22:00.000,12300000,205,77,157,48,0,0,8387195352690193096,auto_detected,stages,0,False,18.0,108.0,30.0,48.0,7.0,23.0,10.0,17.0,55.0,236.0,92.0,73.0
2026-01-01,2025-12-31T23:12:00.000,2026-01-01T07:35:30.000,30180000,503,71,357,146,0,0,812069005325853896,auto_detected,stages,0,True,51.0,198.0,107.0,146.0,6.0,38.0,17.0,43.0,55.0,236.0,92.0,73.0
2026-01-01,2026-01-01T17:23:30.000,2026-01-01T18:26:00.000,3720000,62,100,62,0,0,0,7889812095173039792,auto_detected,classic,2,False,,,,,,,,,,,,
2026-01-02,2026-01-01T23:09:30.000,2026-01-02T07:23:00.000,29580000,493,82,403,90,0,0,8186736593957828904,auto_detected,stages,0,True,53.0,278.0,72.0,90.0,11.0,46.0,17.0,36.0,57.0,238.0,94.0,75.0
2026-01-03,2026-01-02T21:08:00.000,2026-01-03T06:20:30.000,33120000,552,70,384,168,0,0,3864890186864628888,auto_detected,stages,0,True,41.0,269.0,73.0,168.0,4.0,29.0,4.0,26.0,56.0,240.0,92.0,76.0
2026-01-04,2026-01-03T22:09:30.000,2026-01-04T05:28:30.000,26340000,439,83,363,75,0,0,7932792259743986936,auto_detected,stages,0,True,58.0,207.0,98.0,75.0,9.0,22.0,4.0,12.0,56.0,240.0,91.0,80.0
2026-01-05,2026-01-04T21:26:30.000,2026-01-05T05:35:30.000,29340000,489,81,396,92,0,0,1485708327411086912,auto_detected,stages,0,True,62.0,238.0,96.0,92.0,6.0,32.0,10.0,25.0,56.0,238.0,91.0,80.0
2026-01-06,2026-01-05T23:05:00.000,2026-01-06T06:09:30.000,25440000,424,68,287,137,2,0,592604152364107392,auto_detected,stages,0,True,13.0,207.0,66.0,137.0,5.0,25.0,5.0,20.0,56.0,239.0,91.0,82.0
2026-01-07,2026-01-06T22:15:00.000,2026-01-07T06:35:30.000,30000000,500,84,421,79,0,0,1972799043957291344,auto_detected,stages,0,True,43.0,291.0,86.0,79.0,9.0,33.0,8.0,28.0,55.0,239.0,90.0,85.0
2026-01-08,2026-01-07T22:29:00.000,2026-01-08T06:47:30.000,29880000,498,87,434,64,0,0,3922838298818092024,auto_detected,stages,0,True,51.0,287.0,95.0,64.0,8.0,29.0,5.0,21.0,55.0,241.0,89.0,86.0
2026-01-09,2026-01-08T22:46:30.000,2026-01-09T06:23:30.000,27420000,457,74,339,118,0,0,2967813525993422840,auto_detected,stages,0,True,57.0,237.0,44.0,118.0,11.0,38.0,6.0,27.0,56.0,243.0,89.0,84.0
2026-01-11,2026-01-10T22:06:00.000,2026-01-11T05:34:30.000,26880000,448,82,368,80,0,0,1710081179863541640,auto_detected,stages,0,True,52.0,236.0,79.0,80.0,8.0,28.0,13.0,22.0,57.0,242.0,87.0,86.0
2026-01-12,2026-01-11T21:17:30.000,2026-01-12T05:01:30.000,27840000,464,87,403,60,0,0,6159569324948670360,auto_detected,stages,0,True,64.0,252.0,87.0,60.0,13.0,33.0,15.0,23.0,56.0,244.0,87.0,86.0
2026-01-13,2026-01-12T22:15:00.000,2026-01-13T05:58:30.000,27780000,463,89,414,49,9,0,2964131134001345672,auto_detected,stages,0,True,60.0,250.0,104.0,49.0,4.0,26.0,12.0,22.0,57.0,246.0,87.0,83.0
2026-01-14,2026-01-13T22:33:30.000,2026-01-14T05:36:30.000,25380000,423,89,377,46,0,0,8323037578201512472,auto_detected,stages,0,True,89.0,184.0,103.0,46.0,9.0,26.0,11.0,20.0,58.0,246.0,88.0,82.0
2026-01-15,2026-01-14T21:38:30.000,2026-01-15T05:54:30.000,29760000,496,84,419,76,0,0,7385232152159626848,auto_detected,stages,0,True,95.0,226.0,98.0,76.0,7.0,35.0,12.0,30.0,59.0,243.0,89.0,80.0
2026-01-16,2026-01-15T22:33:00.000,2026-01-16T05:38:30.000,25500000,425,85,360,65,5,0,7074629620474017632,auto_detected,stages,0,True,52.0,217.0,91.0,65.0,9.0,26.0,8.0,21.0,60.0,242.0,89.0,80.0
2026-01-17,2026-01-16T23:18:00.000,2026-01-17T06:05:30.000,24420000,407,86,348,59,1,0,6909331637516441904,auto_detected,stages,0,True,69.0,175.0,104.0,59.0,8.0,25.0,10.0,25.0,60.0,241.0,89.0,80.0
2026-01-18,2026-01-17T22:47:30.000,2026-01-18T06:15:30.000,26880000,448,92,410,37,0,0,3339632156234806824,auto_detected,stages,0,True,58.0,252.0,99.0,37.0,7.0,21.0,8.0,14.0,61.0,240.0,90.0,80.0
2026-01-19,2026-01-19T00:45:00.000,2026-01-19T07:06:30.000,22860000,381,83,318,63,0,0,2276520629485457456,auto_detected,stages,0,True,82.0,151.0,84.0,63.0,4.0,20.0,8.0,15.0,60.0,241.0,89.0,79.0
2026-01-20,2026-01-19T22:48:00.000,2026-01-20T05:46:30.000,25080000,418,90,377,41,4,0,7812181323678906448,auto_detected,stages,0,True,76.0,204.0,96.0,41.0,4.0,22.0,7.0,20.0,61.0,238.0,89.0,79.0
2026-01-21,2026-01-20T22:53:00.000,2026-01-21T05:59:30.000,25560000,426,82,350,76,4,0,8104040254342576840,auto_detected,stages,0,True,63.0,200.0,87.0,76.0,7.0,39.0,10.0,34.0,61.0,236.0,90.0,78.0
2026-01-22,2026-01-21T22:15:00.000,2026-01-22T05:55:30.000,27600000,460,88,405,55,9,0,6928375026254876504,auto_detected,stages,0,True,44.0,285.0,76.0,55.0,4.0,22.0,11.0,27.0,61.0,235.0,89.0,79.0
2026-01-23,2026-01-22T22:10:00.000,2026-01-23T05:39:00.000,26940000,449,89,398,50,0,0,3780675513650723048,auto_detected,stages,0,True,53.0,264.0,81.0,50.0,6.0,34.0,10.0,30.0,60.0,237.0,89.0,79.0
2026-01-24,2026-01-24T00:06:00.000,2026-01-24T05:26:30.000,19200000,320,85,271,49,10,0,3102130796282055952,auto_detected,stages,0,True,65.0,124.0,82.0,49.0,5.0,21.0,13.0,12.0,59.0,237.0,88.0,79.0
2026-01-26,2026-01-25T23:44:00.000,2026-01-26T06:59:30.000,26100000,435,76,330,105,0,0,1096028008521481368,auto_detected,stages,0,True,83.0,150.0,97.0,105.0,11.0,24.0,8.0,21.0,59.0,236.0,90.0,79.0
2026-01-27,2026-01-26T21:20:00.000,2026-01-27T06:02:30.000,31320000,522,81,421,101,2,0,5003774400784261448,auto_detected,stages,0,True,50.0,259.0,112.0,101.0,7.0,24.0,15.0,24.0,60.0,234.0,93.0,81.0
2026-01-28,2026-01-27T22:04:00.000,2026-01-28T05:15:30.000,25860000,431,82,355,76,3,0,3490579109068213480,auto_detected,stages,0,True,59.0,215.0,80.0,76.0,3.0,17.0,9.0,15.0,59.0,236.0,94.0,83.0
